school/s2tr.School Name,school/s2tr.School Pupil-Teacher Ratio,DBN
P.S. 029 JOHN M. HARRIGAN,16.76136,15K029
THURGOOD MARSHALL ACADEMY FOR LEARNING AND SOCIAL CHANGE,15.4156,05M670
COBBLE HILL SCHOOL OF AMERICAN STUDIES,16.73481,15K519
P.S. 242 - THE YOUNG DIPLOMATS MAGNET ACADEMY,9.30851,03M242
WESTCHESTER SQUARE ACADEMY,13.79759,08X558
THE ACADEMY FOR EXCELLENCE THROUGH THE ARTS,16.8618,28Q303
P.S. 111 ADOLPH S. OCHS,11.36908,02M111
NEW BRIDGES ELEMENTARY,11.66025,17K532
P.S. 115 ALEXANDER HUMBOLDT,14.608,06M115
P.S. 157 GROVE HILL,12.70295,07X157
TEACHERS COLLEGE COMMUNITY SCHOOL,15.58856,05M517
P.S. 130 HERNANDO DE SOTO,19.01537,02M130
THE URBAN ASSEMBLY SCHOOL FOR COLLABORATIVE HEALTHCARE,12.77031,19K764
REDWOOD MIDDLE SCHOOL,14.26867,28Q332
"LAW, GOVERNMENT AND COMMUNITY SERVICE HIGH SCHOOL",7.989134,29Q494
P.S. 048 WILLIAM G. WILCOX,16.08261,31R048
CAMBRIA HEIGHTS ACADEMY,13.44584,29Q326
J.H.S. 217 ROBERT A. VAN WYCK,18.8394,28Q217
I.S. 289,16.06448,02M289
P.S. 100 GLEN MORRIS,15.615,27Q100
P.S. 245,13.92618,22K245
CONCORD HIGH SCHOOL,13.54545,31R470
WILLIAM CULLEN BRYANT HIGH SCHOOL,17.85777,30Q445
P.S. 071 ROSE E. SCALA,14.03484,08X071
P.S. 201 THE DISCOVERY SCHOOL FOR INQUIRY AND RESEARCH,11.50602,25Q201
P.S. 261 PHILIP LIVINGSTON,15.86805,15K261
P.S. 360,13.26086,29Q360
"BROOKLYN COMMUNITY HIGH SCHOOL OF COMMUNICATION, ARTS AND MEDIA",13.78923,13K412
HUMANITIES PREPARATORY ACADEMY,14.10544,02M605
P.S. 103 HECTOR FONTANEZ,14.98268,11X103
BEDFORD ACADEMY HIGH SCHOOL,18.67875,13K595
TAG YOUNG SCHOLARS,21.57692,04M012
TOTTENVILLE HIGH SCHOOL,19.5217,31R455
P.S. 057 CRESCENT,14.56691,12X057
UNION SQUARE ACADEMY FOR HEALTH SCIENCES,13.73333,02M533
J.H.S. 291 ROLAND HAYES,11.18381,32K291
URBAN ASSEMBLY NEW YORK HARBOR SCHOOL,11.60027,02M551
HARVEY MILK HIGH SCHOOL,7.728648,02M586
CENTRAL PARK EAST HIGH SCHOOL,16.17241,04M555
"BRONX SCHOOL FOR LAW, GOVERNMENT AND JUSTICE",15.02719,09X505
BRONX WRITING ACADEMY,12.37135,09X323
P.S. 076 WILLIAM HALLET,9.815159,30Q076
J.H.S. 167 ROBERT F. WAGNER,15.61726,02M167
P.S. 306 ETHAN ALLEN,11.00481,19K306
QUEENS HIGH SCHOOL FOR LANGUAGE STUDIES,13.21587,25Q241
HIGH SCHOOL FOR LAW AND PUBLIC SERVICE,16.70156,06M467
CROTONA ACADEMY HIGH SCHOOL,14.21365,07X321
P.S. 001 ALFRED E. SMITH,11.65984,02M001
P.S. 129 JOHN H. FINLEY,14.77082,05M129
BROWNSVILLE COLLABORATIVE MIDDLE SCHOOL,7.533537,23K363
PS/IS 30 MARY WHITE OVINGTON,13.29098,20K030
PELHAM GARDENS MIDDLE SCHOOL,13.17855,11X566
URBAN ASSEMBLY SCHOOL FOR CRIMINAL JUSTICE,13.01094,20K609
P.S. 107 JOHN W. KIMBALL,16.01119,15K107
P.S. 215 MORRIS H. WEISS,15.76653,21K215
I.S. 339,9.066128,09X339
HIGH SCHOOL OF TELECOMMUNICATION ARTS AND TECHNOLOGY,16.68152,20K485
P.S. 153 HOMECREST,15.50302,21K153
P.S. 206 JOSE CELSO BARBOSA,7.09375,04M206
PS/MS 194,15.12819,11X194
J.H.S. 185 EDWARD BLEEKER,16.76421,25Q185
P.S. 050 TALFOURD LAWN ELEMENTARY SCHOOL,16.11954,28Q050
P.S. 162 JOHN GOLDEN,17.47502,26Q162
P.S. 056 HARRY EICHLER,15.43742,27Q056
INTERNATIONAL HIGH SCHOOL FOR HEALTH SCIENCES,13.34972,24Q236
THE COLLEGE ACADEMY,19.29053,06M462
EPIC HIGH SCHOOL - NORTH,17.3,27Q334
THE NEW SCHOOL FOR LEADERSHIP AND JOURNALISM,14.85294,10X244
SCHOOL OF SCIENCE & TECHNOLOGY,14.64131,22K152
HIGH SCHOOL OF ARTS AND TECHNOLOGY,16.47159,03M494
THE BRONX SCHOOL OF YOUNG LEADERS,12.16545,10X331
THE MAURICE SENDAK COMMUNITY SCHOOL,28.48841,15K118
P.S. 093 ALBERT G. OLIVER,13.64529,08X093
FOREIGN LANGUAGE ACADEMY OF GLOBAL STUDIES,6.23604,07X520
IT TAKES A VILLAGE ACADEMY,13.7708,18K563
HAMILTON HEIGHTS SCHOOL,13.3125,06M368
P.S. 149 CHRISTA MCAULIFFE,14.74905,30Q149
P.S. 108 CAPTAIN VINCENT G. FOWLER,17.92389,27Q108
ACADEMY FOR YOUNG WRITERS,13.98894,19K404
P.S. 002 ALFRED ZIMBERG,14.99885,30Q002
THE HIGHBRIDGE GREEN SCHOOL,12.06605,09X361
CASCADES HIGH SCHOOL,18.62664,01M650
I.S. 010 HORACE GREELEY,14.30789,30Q010
J.H.S. 123 JAMES M. KIERAN,12.05041,08X123
P.S. 399 STANLEY EUGENE CLARK,18.88365,17K399
THE URBAN ASSEMBLY BRONX ACADEMY OF LETTERS,11.33355,07X551
P.S. 223 LYNDON B. JOHNSON,15.47146,27Q223
P.S. 055 BENJAMIN FRANKLIN,16.80807,09X055
AVIATION CAREER & TECHNICAL EDUCATION HIGH SCHOOL,17.09335,24Q610
P.S. 059 WILLIAM FLOYD,13.97849,14K059
THE EAGLE ACADEMY FOR YOUNG MEN OF STATEN ISLAND,11.9,31R028
THE CHILDREN'S SCHOOL,13.21123,15K418
P.S. 161 THE CROWN,14.55068,17K161
RIVERDALE AVENUE COMMUNITY SCHOOL,13.69674,23K446
ACADEMY OF AMERICAN STUDIES,20.7302,30Q575
YOUNG LEADERS ELEMENTARY SCHOOL,9.784098,07X369
JOHN ERICSSON MIDDLE SCHOOL 126,12.77254,14K126
P.S. 112 DUTCH KILLS,14.17105,30Q112
HIGH SCHOOL FOR YOUTH AND COMMUNITY DEVELOPMENT AT ERASMUS,20.22212,17K537
ACADEMY FOR CAREERS IN TELEVISION AND FILM,16.39393,30Q301
NEWTOWN HIGH SCHOOL,17.10203,24Q455
P.S. 304 EARLY CHILDHOOD SCHOOL,15.57287,08X304
P.S. 131 BROOKLYN,13.98886,15K131
P.S. 280,16.79763,30Q280
P.S. 160 WILLIAM T. SAMPSON,14.83959,20K160
P.S. 251 QUEENS,13.75757,29Q251
J.H.S. 022 JORDAN L. MOTT,9.442191,09X022
THE URBAN ASSEMBLY SCHOOL FOR GLOBAL COMMERCE,11.19191,05M157
P.S. 328 PHYLLIS WHEATLEY,12.29942,19K328
P.S. 051,13.78205,27Q051
P.S. 011 PURVIS J. BEHAN,17.52246,13K011
P.S. 121 NELSON A. ROCKEFELLER,7.717376,21K121
P.S. 6 CORPORAL ALLAN F. KIVLEHAN SCHOOL,14.73766,31R006
HIGH SCHOOL FOR INNOVATION IN ADVERTISING AND MEDIA,12.46219,18K617
P.S. 029 QUEENS,15.68334,25Q029
P.S. 230 DORIS L. COHEN,13.60912,15K230
P.S. 74 FUTURE LEADERS ELEMENTARY SCHOOL,11.86363,31R074
HIGH SCHOOL OF APPLIED COMMUNICATION,17.37043,24Q267
EBBETS FIELD MIDDLE SCHOOL,8.318442,17K352
P.S. 097 BRONX,13.68085,11X097
I.S. 192 THE LINDEN,15.77056,29Q192
CORNERSTONE ACADEMY FOR SOCIAL ACTION,12.73637,11X189
PABLO NERUDA ACADEMY,10.44756,08X305
P.S. 56 THE LOUIS DESARIO SCHOOL,14.22602,31R056
EAST NEW YORK ELEMENTARY SCHOOL OF EXCELLENCE,12.20009,19K677
ALL CITY LEADERSHIP SECONDARY SCHOOL,22.41176,32K554
BROOKLYN ARTS AND SCIENCE ELEMENTARY SCHOOL,12.32767,17K705
BRONX LEADERSHIP ACADEMY HIGH SCHOOL,18.81818,09X525
GLOBAL NEIGHBORHOOD SECONDARY SCHOOL,7.172413,04M381
EAST-WEST SCHOOL OF INTERNATIONAL STUDIES,11.9081,25Q281
EAST NEW YORK FAMILY ACADEMY,14.35456,19K409
P.S. 050 VITO MARCANTONIO,11.66522,04M050
P.S. 020 PORT RICHMOND,12.58947,31R020
INTERNATIONAL HIGH SCHOOL AT LAFAYETTE,15.1939,21K337
MANHATTAN BUSINESS ACADEMY,13.78609,02M392
P.S. 376,15.00686,32K376
FRANK MCCOURT HIGH SCHOOL,14.37217,03M417
M.S. 326 - WRITERS TODAY & LEADERS TOMORROW,7.993145,06M326
SPRUCE STREET SCHOOL,14.0741,02M397
P.S. 006,14.65564,17K006
P.S. 098 SHORAC KAPPOCK,14.13721,06M098
"QUEENS HIGH SCHOOL OF TEACHING, LIBERAL ARTS AND THE SCIENCES",19.37931,26Q566
"HERITAGE SCHOOL, THE",13.29834,04M680
P.S. 021 EDWARD HART,17.97661,25Q021
MOTT HAVEN COMMUNITY HIGH SCHOOL,12.49512,07X557
P.S. 279 HERMAN SCHREIBER,13.7086,18K279
"NEW EXPLORATIONS INTO SCIENCE, TECHNOLOGY AND MATH HIGH SCHOOL",19.00173,01M539
P.S. 109,14.72122,22K109
URBAN ASSEMBLY SCHOOL FOR THE PERFORMING ARTS,13.74274,05M369
P.S. 044 MARCUS GARVEY,14.24115,13K044
P.S. 101 THE VERRAZANO,14.24362,21K101
"FELISA RINCON DE GAUTIER INSTITUTE FOR LAW AND PUBLIC POLICY, THE",12.13258,08X519
P.S. 182 SAMANTHA SMITH,14.82176,28Q182
J.H.S. 052 INWOOD,14.96153,06M052
P.S. 145 ANDREW JACKSON,14.59539,32K145
PS/MS 147 RONALD MCNAIR,15.58788,29Q147
FDNY HIGH SCHOOL FOR FIRE AND LIFE SAFETY,15.48637,19K502
FREDERICK DOUGLASS ACADEMY VIII MIDDLE SCHOOL,14.35701,19K452
A. PHILIP RANDOLPH CAMPUS HIGH SCHOOL,18.25348,06M540
P.S. 064 ROBERT SIMON,9.304845,01M064
BUSHWICK COMMUNITY HIGH SCHOOL,14.70841,32K564
P.S. 139 ALEXINE A. FENTY,15.47296,22K139
PS 80 THE THURGOOD MARSHALL MAGNET SCHOOL OF MULTIMEDIA AND COMMUNICATION,13.58093,28Q080
P.S. 105 THE BAY SCHOOL,14.54988,27Q105
P.S. 084 LILLIAN WEBER,16.31172,03M084
M.S. 582,12.07716,14K582
P.S. 173,13.78835,06M173
P.S. 110 FLORENCE NIGHTINGALE,14.72584,01M110
SIXTH AVENUE ELEMENTARY SCHOOL,12.24971,02M340
P.S. 163 ARTHUR A. SCHOMBURG,13.25196,09X163
BRONX HIGH SCHOOL FOR WRITING AND COMMUNICATION ARTS,17.25555,11X253
UNITY CENTER FOR URBAN TECHNOLOGIES,19.46868,02M500
BRONX ARENA HIGH SCHOOL,12.19891,08X537
P.S. 070 QUEENS,16.10005,30Q070
J.H.S. 218 JAMES P. SINNOTT,12.49619,19K218
LIFE SCIENCES SECONDARY SCHOOL,14.42356,02M655
KAPPA V,18.12928,23K518
P.S. 059 THE COMMUNITY SCHOOL OF TECHNOLOGY,12.4773,10X059
FREDERICK DOUGLASS ACADEMY V. MIDDLE SCHOOL,12.67928,12X273
MOTT HALL III,15.95454,09X128
P.S. 069 JOURNEY PREP SCHOOL,15.16586,08X069
STEPHEN T. MATHER BUILDING ARTS & CRAFTSMANSHIP HIGH SCHOOL,10.16821,02M139
ELLA BAKER SCHOOL,14.74222,02M225
BENJAMIN BANNEKER ACADEMY,21.78064,13K670
P.S. 148 QUEENS,16.71834,30Q148
DREAMYARD PREPARATORY SCHOOL,13.68823,09X329
P.S. 096,15.02629,27Q096
P.S. 174 DUMONT,9.25,19K174
P.S. 002 MEYER LONDON,11.70623,02M002
TEACHERS PREPARATORY HIGH SCHOOL,13.06747,23K697
MARBLE HILL HIGH SCHOOL FOR INTERNATIONAL STUDIES,15.55199,10X477
P.S./I.S. 210 - TWENTY-FIRST CENTURY ACADEMY FOR COMMUNITY LEADERSHIP,12.09463,06M210
47 THE AMERICAN SIGN LANGUAGE AND ENGLISH SECONDARY SCHOOL,10.60917,02M047
I.S. M286 RENAISSANCE LEADERSHIP ACADEMY,16.25,05M286
PS 110,15.152,24Q110
SCHOOL FOR DEMOCRACY AND LEADERSHIP,10.61538,17K533
BRONX ENVISION ACADEMY,13.26357,12X511
CORONA ARTS AND SCIENCES ACADEMY,16.42434,24Q311
P.S. 036 UNIONPORT,13.62626,08X036
WASHINGTON HEIGHTS EXPEDITIONARY LEARNING SCHOOL,13.51533,06M348
P.S. 250 GEORGE H. LINDSAY,16.48417,14K250
P.S. 012 JAMES B. COLGATE,16.07748,24Q012
ROBERT H. GODDARD HIGH SCHOOL OF COMMUNICATION ARTS AND TECHNOLOGY,17.55882,27Q308
A.C.E. ACADEMY FOR SCHOLARS AT THE GERALDINE FERRARO CAMPUS,15.6216,24Q290
P.S. 9 RYER AVENUE ELEMENTARY SCHOOL,14.46967,10X009
THEATRE ARTS PRODUCTION COMPANY SCHOOL,16.16595,10X225
P.S./I.S. 137 RACHEL JEAN MITCHELL,11.50886,23K137
P.S. 049 DOROTHY BONAWIT KOLE,17.59049,24Q049
"BUSINESS, COMPUTER APPLICATIONS & ENTREPRENEURSHIP HIGH SCHOOL",10.01081,29Q496
EPIC HIGH SCHOOL - SOUTH,15.8016,27Q314
M.S. 113 RONALD EDMONDS LEARNING CENTER,12.2087,13K113
RONALD EDMONDS LEARNING CENTER II,16.875,17K484
P.S. 219 KENNEDY-KING,15.60561,18K219
SHERIDAN ACADEMY FOR YOUNG LEADERS,14.88308,09X457
I.S. 024 MYRA S. BARNES,13.92917,31R024
P.S. 118 LORRAINE HANSBERRY,16.27508,29Q118
P.S. 101 SCHOOL IN THE GARDENS,16.74412,28Q101
BRONX HIGH SCHOOL FOR MEDICAL SCIENCE,13.20356,09X413
I.S. 141 THE STEINWAY,17.13636,30Q141
P.S. 032 BELMONT,12.8989,10X032
P.S. 055 MAURE,16.77358,28Q055
M.S. 260 CLINTON SCHOOL WRITERS & ARTISTS,15.83157,02M260
NEWCOMERS HIGH SCHOOL,15.42723,30Q555
P.S. 112 LEFFERTS PARK,13.8091,20K112
P.S. 212 LADY DEBORAH MOODY,13.47234,21K212
"YOUNG WOMEN'S LEADERSHIP SCHOOL, ASTORIA",15.78258,30Q286
BRONX AEROSPACE HIGH SCHOOL,15.47153,11X545
J.H.S. 125 HENRY HUDSON,13.73156,08X125
P.S. 053 BAY TERRACE,16.57362,31R053
P.S. 90 EDNA COHEN SCHOOL,14.01358,21K090
P.S. 288 THE SHIRLEY TANYHILL,15.41139,21K288
INFORMATION TECHNOLOGY HIGH SCHOOL,18.82978,30Q502
P.S. 361,12.5677,30Q361
QUEENS PREPARATORY ACADEMY,15.50944,29Q248
MIDDLE SCHOOL FOR ACADEMIC AND SOCIAL EXCELLENCE,5.502469,17K334
P.S. 142 AMALIA CASTRO,12.37712,01M142
P.S. 75 SCHOOL OF RESEARCH AND DISCOVERY,15.63049,08X075
P.S. 327 DR. ROSE B. ENGLISH,14.30561,23K327
P.S. 024,11.88979,15K024
P.S. 055 HENRY M. BOEHM,15.67006,31R055
P.S. 116 MARY LINDLEY MURRAY,14.41463,02M116
P.S. 171 PATRICK HENRY,16.23085,04M171
BROOKLYN GARDENS ELEMENTARY SCHOOL,12.8409,19K557
I.S. 313 SCHOOL OF LEADERSHIP DEVELOPMENT,11.2039,09X313
ACCION ACADEMY,11.38452,12X341
P.S. 229 DYKER,18.29182,20K229
P.S. 034 FRANKLIN D. ROOSEVELT,10.92817,01M034
CENTRAL PARK EAST I,13.85737,04M497
P.S. 21 MARGARET EMERY-ELM PARK,13.03766,31R021
P.S. 194 COUNTEE CULLEN,9.511767,05M194
"HIGH SCHOOL FOR LAW, ADVOCACY AND COMMUNITY JUSTICE",14.02636,03M492
SOUTH BROOKLYN COMMUNITY HIGH SCHOOL,14.63636,15K698
INSTITUTE FOR HEALTH PROFESSIONS AT CAMBRIA HEIGHTS,12.05218,29Q243
P.S. 016 LEONARD DUNKLY,13.01639,14K016
VERITAS ACADEMY,16.44164,25Q240
THE HUNTS POINT SCHOOL,9.983172,08X424
P.S. 206 JOSEPH F LAMB,17.26635,22K206
CATHERINE & COUNT BASIE MIDDLE SCHOOL 72,12.82704,28Q072
I.S. 230,16.2585,30Q230
P.S. 315 LAB SCHOOL,14.5,10X315
P.S. 098 THE DOUGLASTON SCHOOL,12.5229,26Q098
BATTERY PARK CITY SCHOOL,14.62857,02M276
MADIBA PREP MIDDLE SCHOOL,8.751284,16K681
P.S. 091 BRONX,14.23112,10X091
P.S. 209,11.33024,10X209
MARK TWAIN I.S. 239 FOR THE GIFTED & TALENTED,18.35927,21K239
FANNIE LOU HAMER MIDDLE SCHOOL,13.66666,12X286
P.S. 086 THE IRVINGTON,14.29213,32K086
MULTICULTURAL HIGH SCHOOL,11.32251,19K583
ACADEMY FOR CONSERVATION AND THE ENVIRONMENT,12.35168,18K637
I.S. 117 JOSEPH H. WADE,12.7499,09X117
P.S. 042 ELTINGVILLE,18.27004,31R042
P.S. 104 THE BAYS WATER,17.10721,27Q104
BROOKLYN THEATRE ARTS HIGH SCHOOL,19.04791,18K567
P.S. 031 SAMUEL F. DUPONT,15.8095,14K031
P.S. 019 MARINO JEANTET,15.13769,24Q019
P.S. 186 DR. IRVING A GLADSTONE,15.95656,20K186
P.S. 102 THE BAYVIEW,16.02887,20K102
HIGH SCHOOL FOR SERVICE & LEARNING AT ERASMUS,18.3993,17K539
BRONX STUDIO SCHOOL FOR WRITERS AND ARTISTS,13.91146,08X269
P.S. 209 MARGARET MEAD,13.72342,21K209
P.S. 192 - THE MAGNET SCHOOL FOR MATH AND SCIENCE INQUIRY,13.5045,20K192
BRONX ENGINEERING AND TECHNOLOGY ACADEMY,15.66314,10X213
P.S. 005 ELLEN LURIE,13.12902,06M005
AMISTAD DUAL LANGUAGE SCHOOL,14.33044,06M311
P.S. 038 ROSEDALE,14.73681,29Q038
BROOKLYN COLLEGIATE: A COLLEGE BOARD SCHOOL,13.50423,23K493
PROFESSIONAL PERFORMING ARTS HIGH SCHOOL,21.391,02M408
ANTONIA PANTOJA PREPARATORY ACADEMY: A COLLEGE BOARD SCHOOL,11.64151,08X376
P.S. 019 JUDITH K. WEISS,16.16926,11X019
HIGH SCHOOL FOR MEDICAL PROFESSIONS,15.38743,18K633
P.S. 105 THE BLYTHEBOURNE,17.31081,20K105
P.S. 048 WILLIAM WORDSWORTH,14.15301,28Q048
P.S. 063 OLD SOUTH,17.08101,27Q063
RALPH R. MCKEE CAREER AND TECHNICAL EDUCATION HIGH SCHOOL,15.25264,31R600
CROTONA INTERNATIONAL HIGH SCHOOL,12.89072,10X524
P.S. 038 GEORGE CROMWELL,13.64936,31R038
THE FAMILY SCHOOL,11.25711,09X443
P.S. 031 WILLIAM T. DAVIS,14.04685,31R031
P.S. 154 QUEENS,16.63414,25Q154
NEW YORK CITY LAB MIDDLE SCHOOL FOR COLLABORATIVE STUDIES,16.15267,02M312
P.S. 138 BROOKLYN,15.23392,17K138
BRONX REGIONAL HIGH SCHOOL,19.2979,12X480
P.S. X014 SENATOR JOHN CALANDRA,14.41301,08X014
P.S. 217 COLONEL DAVID MARCUS SCHOOL,15.46369,22K217
P.S. 005 DR. RONALD MCNAIR,13.94681,16K005
P.S. 165 ROBERT E. SIMON,12.21953,03M165
BROOKLYN HIGH SCHOOL FOR LEADERSHIP AND COMMUNITY SERVICE,14.92857,13K616
P.S. 203 FLOYD BENNETT SCHOOL,15.79551,22K203
P.S. 011 HIGHBRIDGE,13.06261,09X011
ESPERANZA PREPARATORY ACADEMY,10.11679,04M372
EL PUENTE ACADEMY FOR PEACE AND JUSTICE,16.26653,14K685
P.S. 220 EDWARD MANDEL,15.59762,28Q220
URBAN ASSEMBLY INSTITUTE OF MATH AND SCIENCE FOR YOUNG WOMEN,12.98162,13K527
"P.S. 145, THE BLOOMINGDALE SCHOOL",10.32976,03M145
P.S. 052 QUEENS,15.8535,29Q052
P.S. 092 HARRY T. STEWART SR.,13.67911,30Q092
EVERGREEN MIDDLE SCHOOL FOR URBAN EXPLORATION,7.568092,32K562
KNOWLEDGE AND POWER PREPARATORY ACADEMY VI,18.43148,27Q282
P.S. 181 BROOKLYN,13.79558,17K181
FRANCES PERKINS ACADEMY,8.44841,14K632
THE 51 AVENUE ACADEMY (THE PATH TO ACADEMIC EXCELLENCE),15.16953,24Q877
MANHATTAN EARLY COLLEGE SCHOOL FOR ADVERTISING,13.06494,02M280
P.S. 179 KENSINGTON,14.47017,20K179
P.S. K315,15.71765,22K315
P.S. 127 MCKINLEY PARK,14.02463,20K127
P.S. 164 QUEENS VALLEY,14.11057,25Q164
MOUNT EDEN CHILDREN'S ACADEMY,18.09571,09X555
P.S. 219 PAUL KLAPPER,11.53625,25Q219
P.S. 748 BROOKLYN SCHOOL FOR GLOBAL SCHOLARS,16.02564,20K748
P.S. 58 - THE SCHOOL OF HEROES,16.58514,24Q058
ARCHER ELEMENTARY SCHOOL,13.73446,12X531
P.S. Q222 - FIRE FIGHTER CHRISTOPHER A. SANTORA SCHOOL,14.80359,30Q222
P.S. 221 TOUSSAINT L'OUVERTURE,15.79963,17K221
MILLENNIUM HIGH SCHOOL,17.24567,02M418
P.S. 230 DR ROLAND N. PATTERSON,7.361737,09X230
P.S. 236 MILL BASIN,16.40486,22K236
P.S. 184 FLUSHING MANOR,18.18934,25Q184
P.S. 018 JOHN PETER ZENGER,13.01628,07X018
ACADEMY FOR COLLEGE PREPARATION AND CAREER EXPLORATION: A COLLEGE BOARD SCHOOL,14.68348,17K382
BRONX COLLEGIATE ACADEMY,16.33087,09X227
P.S. 122 MAMIE FAY,18.95532,30Q122
I.S. 237,17.82408,25Q237
UNIVERSITY HEIGHTS SECONDARY SCHOOL,22.72727,07X495
JUAN MOREL CAMPOS SECONDARY SCHOOL,10.72579,14K071
LIBERATION DIPLOMA PLUS,19.7,21K728
P.S. 165 IDA POSNER,9.5115,23K165
BROOKLYN SCHOOL FOR GLOBAL STUDIES,10.72731,15K429
P.S. 015 PATRICK F. DALY,9.407476,15K015
J.H.S. 067 LOUIS PASTEUR,21.33184,26Q067
OLYMPUS ACADEMY,10.0625,18K635
P.S. 290 MANHATTAN NEW SCHOOL,16.47615,02M290
P.S. 068 CAMBRIDGE,15.27794,24Q068
P.S. 041 GREENWICH VILLAGE,15.73611,02M041
P. S. 62 - CHESTER PARK SCHOOL,17.72458,27Q062
THE URBAN ASSEMBLY INSTITUTE FOR NEW TECHNOLOGIES,9.922415,05M410
HIGH SCHOOL FOR DUAL LANGUAGE AND ASIAN STUDIES,16.60033,02M545
BRONX ACADEMY FOR SOFTWARE ENGINEERING (BASE),12.63317,10X264
DOS PUENTES ELEMENTARY SCHOOL,15.60147,06M103
P.S. 213 NEW LOTS,14.98048,19K213
P.S. 147 ISAAC REMSEN,12.70002,14K147
I.S. 392,13.44444,23K392
THE GLOBAL LEARNING COLLABORATIVE,13.31236,03M403
P.S. 127 AEROSPACE SCIENCE MAGNE,14.22584,30Q127
QUEENS COLLEGIATE: A COLLEGE BOARD SCHOOL,13.81347,28Q310
BAYCHESTER MIDDLE SCHOOL,11.95833,11X532
P.S. 212,15.88755,30Q212
GLOBAL TECHNOLOGY PREPARATORY,14.4119,04M406
HARBOR HEIGHTS,12.45454,06M349
BEDFORD STUYVESANT PREPARATORY HIGH SCHOOL,14.0,13K575
BROOKLYN HIGH SCHOOL OF THE ARTS,16.31653,15K656
P.S. 134 GEORGE F. BRISTOW,17.50995,12X134
P.S. 185 - THE EARLY CHILDHOOD DISCOVERY AND DESIGN MAGNET SCHOOL,13.21779,03M185
P.S. 169 SUNSET PARK,15.42665,15K169
THE ACADEMY OF THE ARTS,13.03363,08X335
P.S. 273,13.62831,27Q273
NEW DORP HIGH SCHOOL,17.02062,31R440
P.S. / I.S. 087 MIDDLE VILLAGE,11.85779,24Q087
P.S. 249 THE CATON,16.8714,17K249
I.S. 061 WILLIAM A MORRIS,14.88841,31R061
SOUTH BRONX ACADEMY FOR APPLIED MEDIA,15.24047,07X296
P.S. 094 KINGS COLLEGE SCHOOL,12.3297,10X094
CITY COLLEGE ACADEMY OF THE ARTS,15.66543,06M293
THE BELLAIRE SCHOOL,16.68667,29Q135
J.H.S. 014 SHELL BANK,12.83783,22K014
ACADEMY OF PUBLIC RELATIONS,10.63624,07X298
HENRY STREET SCHOOL FOR INTERNATIONAL STUDIES,8.894736,01M292
P.S. 081 THADDEUS STEVENS,11.47772,16K081
HIGH SCHOOL OF AMERICAN STUDIES AT LEHMAN COLLEGE,14.76,10X696
ORIGINS HIGH SCHOOL,14.38893,22K611
THE SCHOOL FOR FUTURE LEADERS,13.92026,20K310
P.S. 134 HOLLIS,12.9607,29Q134
BRONX COMMUNITY HIGH SCHOOL,11.1067,08X377
P.S. 452,13.86096,03M452
P.S. 100 THE CONEY ISLAND SCHOOL,16.78254,21K100
LINDEN TREE ELEMENTARY SCHOOL,16.86666,11X567
P.S. 483,14.33333,11X483
P.S. 071 FOREST,13.96812,24Q071
P.S. 084 JOSE DE DIEGO,10.36941,14K084
THE YOUNG SCHOLARS ACADEMY OF THE BRONX,12.0299,11X289
"MAGNET SCHOOL OF MATH, SCIENCE AND DESIGN TECHNOLOGY",14.9822,15K010
MOSAIC PREPARATORY ACADEMY,10.33998,04M375
SPRING CREEK COMMUNITY SCHOOL,11.7037,19K422
THE ACTIVE LEARNING ELEMENTARY SCHOOL,16.27084,25Q244
MARSH AVENUE SCHOOL FOR EXPEDITIONARY LEARNING,15.06962,31R063
LUCERO ELEMENTARY SCHOOL,13.10946,09X311
BRONX HIGH SCHOOL FOR LAW AND COMMUNITY SERVICE,14.44412,10X439
ACADEMY OF MEDICAL TECHNOLOGY: A COLLEGE BOARD SCHOOL,12.79002,27Q309
"H.E.R.O. HIGH (HEALTH, EDUCATION, AND RESEARCH OCCUPATIONS HIGH SCHOOL)",12.55032,07X259
P.S. 056 LEWIS H. LATIMER,11.77636,13K056
CURTIS HIGH SCHOOL,18.46422,31R450
M.S. 302 LUISA DESSUS CRUZ,12.54886,08X302
CRESTON ACADEMY,14.35229,10X447
J.H.S. 223 THE MONTAUK,14.86578,20K223
P.S. 094 THE HENRY LONGFELLOW,16.41604,15K094
J.H.S. 143 ELEANOR ROOSEVELT,12.32333,06M143
P.S. 160 WALTER FRANCIS BISHOP,15.31539,28Q160
P.S. 333 - THE MUSEUM SCHOOL,14.14542,08X333
P.S. 035 NATHANIEL WOODHULL,16.1284,29Q035
P.S. 185 WALTER KASSENBROCK,16.96718,20K185
P.S. 195,15.49911,12X195
P.S. 063 AUTHOR'S ACADEMY,13.10912,09X063
P.S. 018 WINCHESTER,16.85337,26Q018
P.S. 161 PONCE DE LEON,13.8608,07X161
P.S./I.S. 157 THE BENJAMIN FRANKLIN HEALTH & SCIENCE ACADEMY,11.62504,14K157
P.S. 253,13.88957,27Q253
P.S. 047 JOHN RANDOLPH,15.36858,12X047
BRONX BRIDGES HIGH SCHOOL,12.00871,08X432
EAST BROOKLYN COMMUNITY HIGH SCHOOL,22.5,18K673
P.S. X114 - LUIS LLORENS TORRES SCHOOLS,15.40832,09X114
EAST SIDE COMMUNITY SCHOOL,14.47985,01M450
BOYS AND GIRLS HIGH SCHOOL,10.39978,16K455
I.S. 027 ANNING S. PRALL,15.48653,31R027
P.S. 199X - THE SHAKESPEARE SCHOOL,15.13148,09X199
MANHATTAN COMPREHENSIVE NIGHT AND DAY HIGH SCHOOL,18.375,02M575
P.S. 272 CURTIS ESTABROOK,13.02301,18K272
THE METROPOLITAN SOUNDVIEW HIGH SCHOOL,13.36729,12X521
I.S. 059 SPRINGFIELD GARDENS,17.01059,29Q059
HIGH SCHOOL FOR HEALTH PROFESSIONS AND HUMAN SERVICES,18.99143,02M420
I.S. 025 ADRIEN BLOCK,21.95182,25Q025
P.S. 253,14.2447,21K253
MOTT HALL BRONX HIGH SCHOOL,15.40463,09X252
P.S. 130 THE PARKSIDE,15.08655,15K130
P.S. 770 NEW AMERICAN ACADEMY,14.69862,17K770
SCHOOL FOR INTERNATIONAL STUDIES,14.36654,15K497
REPERTORY COMPANY HIGH SCHOOL FOR THEATRE ARTS,17.8113,02M531
WOMEN'S ACADEMY OF EXCELLENCE,13.60846,08X282
P.S. K225 - THE EILEEN E. ZAGLIN,14.75,21K225
P.S. 153 HELEN KELLER,15.52788,11X153
UPPER SCHOOL @ P.S. 25,7.912087,16K534
P.S. 081 ROBERT J. CHRISTEN,14.70454,10X081
P.S. 009 TEUNIS G. BERGEN,18.99028,13K009
BRONX CAREER AND COLLEGE PREPARATORY HIGH SCHOOL,11.53074,12X479
WAVE PREPARATORY ELEMENTARY SCHOOL,13.8969,27Q362
P.S. 121 QUEENS,17.4242,28Q121
ENTRADA ACADEMY,12.80765,12X384
CENTRAL PARK EAST II,11.30248,04M964
P.S. 277 GERRITSEN BEACH,14.14146,22K277
BROOKLYN GENERATION SCHOOL,11.0698,18K566
M.S. 137 AMERICA'S SCHOOL OF HEROES,17.44347,27Q137
P.S. 016 JOHN J. DRISCOLL,13.16729,31R016
M.S. 035 STEPHEN DECATUR,14.17786,16K035
SECONDARY SCHOOL FOR JOURNALISM,12.87095,15K463
P.S. 058,14.96645,09X058
M.S. 243 CENTER SCHOOL,15.94707,03M243
P.S. 207,13.57906,10X207
M.S. 180 DR. DANIEL HALE WILLIAMS,16.46384,11X180
I.S. 303 HERBERT S. EISENBERG,14.95619,21K303
JAMAICA CHILDREN'S SCHOOL,10.0,28Q312
KAPPA IV,11.37964,05M302
P.S. 170,14.38278,09X170
HIGH SCHOOL OF COMPUTERS AND TECHNOLOGY,16.73709,11X275
P.S. 224 HALE A. WOODRUFF,16.22812,19K224
P.S. 130 ABRAM STEVENS HEWITT,12.88292,08X130
"SCHOOL OF BUSINESS, FINANCE AND ENTREPRENEURSHIP",6.867775,16K385
QUEENS METROPOLITAN HIGH SCHOOL,14.9595,28Q686
P.S. 108 ASSEMBLYMAN ANGELO DEL TORO EDUCATIONAL COMPLEX,13.39163,04M108
M.S. M245 THE COMPUTER SCHOOL,16.33919,03M245
P.S. 013 M. L. LINDEMEYER,14.99677,31R013
P.S. 016 WAKEFIELD,13.18563,11X016
P.S. 025 BILINGUAL SCHOOL,11.64569,07X025
P.S. 105 SEN ABRAHAM BERNSTEIN,14.06902,11X105
SCHOLARS' ACADEMY,20.24058,27Q323
P.S. 064 PURA BELPRE,9.634496,09X064
CIVIC LEADERSHIP ACADEMY,15.18671,24Q293
P.S. 241 EMMA L. JOHNSTON,14.45036,17K241
THE GORDON PARKS SCHOOL,16.52061,29Q270
P.S. 506: THE SCHOOL OF JOURNALISM & TECHNOLOGY,14.26023,20K506
P.S. 041 NEW DORP,15.79276,31R041
P.S. 173 FRESH MEADOWS,17.02881,26Q173
P.S. 81Q JEAN PAUL RICHTER,13.66935,24Q081
P.S. 036 MARGARET DOUGLAS,12.12952,05M036
J.H.S. 226 VIRGIL I. GRISSOM,18.97378,27Q226
CYNTHIA JENKINS SCHOOL,14.1909,29Q037
MIDDLE SCHOOL 322,10.20177,06M322
P.S. 073 BRONX,15.41601,09X073
P.S./ IS 178 HOLLISWOOD,16.66233,26Q178
"SCIENCE SKILLS CENTER HIGH SCHOOL FOR SCIENCE, TECHNOLOGY AND THE CREATIVE ARTS",15.70721,13K419
SCHOOL OF PERFORMING ARTS,10.09882,12X217
VISTA ACADEMY,16.58981,19K661
HAMILTON GRANGE MIDDLE SCHOOL,15.5238,06M209
P.S. 112 JOSE CELSO BARBOSA,6.580088,04M112
P.S. 067 MOHEGAN SCHOOL,13.53627,12X067
P.S. 075 EMILY DICKINSON,9.871875,03M075
P.S. 111 SETON FALLS,14.59125,11X111
"URBAN ASSEMBLY SCHOOL FOR MEDIA STUDIES, THE",15.01495,03M307
LIBERTY AVENUE MIDDLE SCHOOL,13.90112,19K662
THE URBAN ASSEMBLY SCHOOL FOR EMERGENCY MANAGEMENT,10.73158,02M135
P.S. 089 ELMHURST,16.55075,24Q089
STUYVESANT HIGH SCHOOL,21.04118,02M475
RICHARD R. GREEN HIGH SCHOOL OF TEACHING,15.2647,02M580
HIGH SCHOOL FOR ENVIRONMENTAL STUDIES,17.9061,02M400
P.S. 207 ROCKWOOD PARK,10.13384,27Q207
P.S. 095 SHEILA MENCHER,14.9798,10X095
JONAS BRONCK ACADEMY,13.84225,10X228
P.S. 198 ISADOR E. IDA STRAUS,14.34087,02M198
P.S. 197 THE OCEAN SCHOOL,13.372,27Q197
METROPOLITAN EXPEDITIONARY LEARNING SCHOOL,12.63322,28Q167
P.S. 144 COL JEROMUS REMSEN,16.64187,28Q144
P.S. 085 JUDGE CHARLES VALLONE,16.7372,30Q085
RICHMOND HILL HIGH SCHOOL,14.50464,27Q475
P.S. 050 CLARA BARTON,5.32666,12X050
ROCKAWAY PARK HIGH SCHOOL FOR ENVIRONMENTAL SUSTAINABILITY,14.15644,27Q324
SATELLITE ACADEMY HIGH SCHOOL,16.85874,02M570
P.S. 171 PETER G. VAN ALST,14.125,30Q171
"ARCHIMEDES ACADEMY FOR MATH, SCIENCE AND TECHNOLOGY APPLICATIONS",13.36262,08X367
BRONX HIGH SCHOOL OF SCIENCE,21.4002,10X445
P.S. 119,15.00274,08X119
BEDFORD PARK ELEMENTARY SCHOOL,15.92375,10X077
ELIJAH STROUD MIDDLE SCHOOL,11.2041,17K353
THE WALTON AVENUE SCHOOL,12.9,09X294
THE 30TH AVENUE SCHOOL (G&T CITYWIDE),18.24222,30Q300
SCHOOL OF DIPLOMACY,11.49884,11X370
P.S. 033 CHELSEA PREP,17.33746,02M033
RIVER EAST ELEMENTARY,11.39736,04M037
P.S./M.S. 029 MELROSE SCHOOL,12.16523,07X029
BRONX DANCE ACADEMY SCHOOL,13.70294,10X308
SCHOOL FOR LEGAL STUDIES,14.13744,14K477
MOTT HALL V,12.71589,12X242
"ROBERT F. WAGNER, JR. SECONDARY SCHOOL FOR ARTS AND TECHNOLOGY",17.96986,24Q560
WINGS ACADEMY,15.64572,12X684
P.S. 108 PHILIP J. ABINANTI,13.82492,11X108
P.S. 096 RICHARD RODGERS,14.39537,11X096
GAYNOR MCCOWN EXPEDITIONARY LEARNING SCHOOL,13.40553,31R064
P.S. 100 ISAAC CLASON,14.78029,08X100
P.S. 006 LILLIE D. BLAKE,17.48943,02M006
HIGH SCHOOL FOR TEACHING AND THE PROFESSIONS,13.71536,10X433
BRONX HAVEN HIGH SCHOOL,12.24375,07X381
THE HIGH SCHOOL FOR GLOBAL CITIZENSHIP,16.6283,17K528
FREDERICK DOUGLASS ACADEMY IV SECONDARY SCHOOL,6.724687,16K393
THE STAR ACADEMY - P.S.63,10.58844,01M063
P.S./M.S. 031 THE WILLIAM LLOYD GARRISON,13.86783,07X031
P.S. 040 GEORGE W. CARVER,14.33734,16K040
J.H.S. 074 NATHANIEL HAWTHORNE,18.03861,26Q074
WEST END SECONDARY SCHOOL OF URBAN STUDIES,14.31578,03M291
I.S. 340,15.5299,17K340
"QUEENS SCHOOL OF INQUIRY, THE",12.77505,25Q252
BRONX ACADEMY OF HEALTH CAREERS,16.95213,11X290
P.S. 153 ADAM CLAYTON POWELL,16.08589,06M153
MANHATTAN VILLAGE ACADEMY,16.60057,02M439
ACADEMY OF URBAN PLANNING,11.47955,32K552
GROVER CLEVELAND HIGH SCHOOL,16.92487,24Q485
P.S. 065 MOTHER HALE ACADEMY,11.89167,07X065
P.S. 119 AMERSFORT,14.41018,22K119
M.S. 224 MANHATTAN EAST SCHOOL FOR ARTS & ACADEMICS,12.69784,04M224
EAST FORDHAM ACADEMY FOR THE ARTS,12.08106,10X459
J.H.S. 220 JOHN J. PERSHING,14.82736,20K220
J.H.S. 202 ROBERT H. GODDARD,18.33253,27Q202
"URBAN ASSEMBLY SCHOOL FOR APPLIED MATH AND SCIENCE, THE",11.4074,09X241
P.S. 235 LENOX SCHOOL,18.36457,18K235
P.S. 150 CHARLES JAMES FOX,15.44786,12X150
P.S. 120 QUEENS,18.23312,25Q120
P.S. / M.S. 114 BELLE HARBOR,13.69039,27Q114
STATEN ISLAND SCHOOL OF CIVIC LEADERSHIP,15.02055,31R861
P.S. 089 CYPRESS HILLS,11.8639,19K089
P.S. 193 ALFRED J. KENNEDY,16.48813,25Q193
P.S. 221 THE NORTH HILLS SCHOOL,16.97612,26Q221
P.S. 001 COURTLANDT SCHOOL,13.32087,07X001
YOUNG WOMEN'S LEADERSHIP SCHOOL OF BROOKLYN,12.51063,14K614
THE EAST VILLAGE COMMUNITY SCHOOL,12.34388,01M315
PREPARATORY ACADEMY FOR WRITERS: A COLLEGE BOARD SCHOOL,18.58698,29Q283
P.S. 049 WILLIS AVENUE,12.05539,07X049
AUTOMOTIVE HIGH SCHOOL,11.24568,14K610
LEADERSHIP INSTITUTE,10.83547,09X276
P.S. 169 BAY TERRACE,14.93544,25Q169
INTERNATIONAL HIGH SCHOOL AT PROSPECT HEIGHTS,13.47008,17K524
FORT HAMILTON HIGH SCHOOL,21.4341,20K490
M.S. 442 CARROLL GARDENS SCHOOL FOR INNOVATION,8.350746,15K442
SAMARA COMMUNITY SCHOOL,19.0,12X458
P.S. 030 HERNANDEZ/HUGHES,7.365131,05M030
SOUTH BRONX PREPARATORY: A COLLEGE BOARD SCHOOL,13.90608,07X221
NEW MILLENNIUM BUSINESS ACADEMY MIDDLE SCHOOL,12.02422,09X328
P.S. 161 ARTHUR ASHE SCHOOL,15.00549,28Q161
I.S. 528 BEA FULLER RODGERS SCHOOL,14.38216,06M528
P.S. 149 DANNY KAYE,19.17492,19K149
P.S. 197 JOHN B. RUSSWURM,10.11212,05M197
QUEENS ACADEMY HIGH SCHOOL,18.45454,25Q540
JOHN BOWNE HIGH SCHOOL,18.48484,25Q425
P.S. 204 VINCE LOMBARDI,16.1128,20K204
PAULA HEDBAVNY SCHOOL,16.65573,06M278
PARK EAST HIGH SCHOOL,13.84902,04M495
P.S./I.S. 187 HUDSON CLIFFS,17.62104,06M187
P.S. 003 CHARRETTE SCHOOL,15.6433,02M003
THE FORWARD SCHOOL,17.9197,11X287
METROPOLITAN DIPLOMA PLUS HIGH SCHOOL,12.81444,23K647
P.S./M.S. 004 CROTONA PARK WEST,13.22164,09X004
P.S. 319,12.91025,14K319
URBAN ASSEMBLY GATEWAY SCHOOL FOR TECHNOLOGY,14.05031,02M507
P.S. 214,15.54705,12X214
BROOKLYN DEMOCRACY ACADEMY,13.92857,23K643
M.S. 053 BRIAN PICCOLO,12.93706,27Q053
I.S. 232,17.46096,09X232
P.S. 244 RICHARD R. GREEN,10.37348,18K244
P.S. 022 GRANITEVILLE,18.01864,31R022
FREDERICK DOUGLASS ACADEMY VII HIGH SCHOOL,13.09732,23K514
THE BRONX MATHEMATICS PREPARATORY SCHOOL,12.65131,08X375
ACADEMY OF INNOVATIVE TECHNOLOGY,10.13959,19K618
NEW EXPLORERS HIGH SCHOOL,13.42957,07X547
SCHOOL OF THE FUTURE BROOKLYN,10.06808,19K663
P.S. 377 ALEJANDRINA B. DE GAUTIER,14.2655,32K377
FOUNDATIONS ACADEMY,5.478418,14K322
P.S. 481,14.13297,11X481
P.S. 046 ARTHUR TAPPAN,13.57413,05M046
P.S. 007 ABRAHAM LINCOLN,14.86666,19K007
FRANCIS LEWIS HIGH SCHOOL,18.38638,26Q430
P.S. 007 LOUIS F. SIMEONE,15.65573,24Q007
I.S. 051 EDWIN MARKHAM,15.56847,31R051
I.S. 219 NEW VENTURE SCHOOL,11.21727,09X219
P.S. 046 ALLEY POND,12.09492,26Q046
BANANA KELLY HIGH SCHOOL,9.2957,08X530
M.S. 223 THE LABORATORY SCHOOL OF FINANCE AND TECHNOLOGY,13.15923,07X223
MORRIS ACADEMY FOR COLLABORATIVE STUDIES,12.69181,09X297
P.S. 156 LAURELTON,11.46087,29Q156
MS 596 PEACE ACADEMY,6.407774,13K596
BACCALAUREATE SCHOOL FOR GLOBAL EDUCATION,15.99229,30Q580
THURGOOD MARSHALL ACADEMY LOWER SCHOOL,15.13506,05M318
SPECIAL MUSIC SCHOOL,14.00468,03M859
P.S. 262 EL HAJJ MALIK EL SHABAZZ ELEMENTARY SCHOOL,14.44337,16K262
MILTON FEIN SCHOOL,16.2893,10X007
P.S. 269 NOSTRAND,16.86921,22K269
EXPLORATIONS ACADEMY,13.00333,12X251
P.S. 203 OAKLAND GARDENS,19.70685,26Q203
BRONX SCHOOL OF LAW AND FINANCE,15.60507,10X284
LIFE ACADEMY HIGH SCHOOL FOR FILM AND MUSIC,15.03916,21K559
P.S. 048 P.O. MICHAEL J. BUCZEK,12.94501,06M048
P.S. 255 BARBARA REING SCHOOL,13.37968,22K255
BENJAMIN N. CARDOZO HIGH SCHOOL,24.39677,26Q415
P.S. 213 THE CARL ULLMAN SCHOOL,15.96179,26Q213
BRONX RIVER HIGH SCHOOL,13.33333,08X349
ELM TREE ELEMENTARY SCHOOL,11.78947,24Q211
MURRY BERGTRAUM HIGH SCHOOL FOR BUSINESS CAREERS,14.0888,02M520
HIGH SCHOOL FOR MEDIA AND COMMUNICATIONS,15.91552,06M463
P.S. 254 - THE ROSA PARKS SCHOOL,16.27659,27Q254
WEST PREP ACADEMY,14.11422,03M421
P.S. 106 PARKCHESTER,16.16322,11X106
P.S. 069 DANIEL D. TOMPKINS,10.42267,31R069
ACADEMY FOR NEW AMERICANS,12.5,30Q235
SCHOOL FOR EXCELLENCE,16.63289,09X404
ESSENCE SCHOOL,9.736842,19K311
MANHATTAN INTERNATIONAL HIGH SCHOOL,17.19226,02M459
SUSAN E. WAGNER HIGH SCHOOL,19.48841,31R460
P.S. 208 ELSA EBELING,17.96116,18K208
THE SCHOOL FOR THE URBAN ENVIRONMENT,25.0,14K330
P.S. 024 SPUYTEN DUYVIL,16.76713,10X024
HOLCOMBE L. RUCKER SCHOOL OF COMMUNITY RESEARCH,10.86362,08X332
P.S. 161 PEDRO ALBIZU CAMPOS,12.53234,05M161
MANHATTAN / HUNTER SCIENCE HIGH SCHOOL,17.37254,03M541
P.S. / I.S. 208,14.67503,29Q208
P.S. 146 ANN M. SHORT,11.97166,04M146
THE CHILDREN'S WORKSHOP SCHOOL,12.4947,01M361
P.S. 308 CLARA CARDWELL,11.57692,16K308
RACHEL CARSON HIGH SCHOOL FOR COASTAL STUDIES,16.61764,21K344
P.S. 312 BERGEN BEACH,15.9986,22K312
NYC ISCHOOL,16.34433,02M376
P.S. 020 JOHN BOWNE,17.06577,25Q020
LEON M. GOLDSTEIN HIGH SCHOOL FOR THE SCIENCES,18.69514,22K535
P.S. 200- THE JAMES MCCUNE SMITH SCHOOL,12.31511,05M200
P.S. 001 THE BERGEN,13.4427,15K001
DR. SUSAN S. MCKINNEY SECONDARY SCHOOL OF THE ARTS,13.60606,13K265
PS 527 - EAST SIDE SCHOOL FOR SOCIAL ACTION,14.4375,02M527
"COLLABORATIVE ACADEMY OF SCIENCE, TECHNOLOGY, & LANGUAGE-ARTS EDUCATION",7.389223,01M345
J.H.S. 194 WILLIAM CARR,17.34902,25Q194
EXPEDITIONARY LEARNING SCHOOL FOR COMMUNITY LEADERS,11.96544,21K572
BRIGHTER CHOICE COMMUNITY SCHOOL,19.81505,16K627
TALENT UNLIMITED HIGH SCHOOL,17.08961,02M519
P.S. 159 LUIS MUNOZ MARIN BILING,11.82352,10X159
P.S. 058 THE CARROLL,16.38914,15K058
MANHATTAN CENTER FOR SCIENCE AND MATHEMATICS,21.77032,04M435
HIGH SCHOOL FOR VIOLIN AND DANCE,15.41081,09X543
P.S. 026 JESSE OWENS,11.52715,16K026
P.S. 030 WESTERLEIGH,14.87987,31R030
P.S. 028 WRIGHT BROTHERS,12.01819,06M028
P.S. 041 GUN HILL ROAD,16.01673,11X041
P.S. 236 LANGSTON HUGHES,12.0819,09X236
P.S. 256 BENJAMIN BANNEKER,13.70445,13K256
I.S. 093 RIDGEWOOD,14.85821,24Q093
KAPPA III,15.61966,12X316
P.S. 087 BRONX,17.43325,11X087
HIGH SCHOOL FOR CIVIL RIGHTS,14.4935,19K504
P.S. 018 JOHN G. WHITTIER,12.56215,31R018
J.H.S. 008 RICHARD S. GROSSLEY,11.44998,28Q008
BUSHWICK SCHOOL FOR SOCIAL JUSTICE,12.51724,32K549
I.S. 034 TOTTENVILLE,17.12267,31R034
P.S. 132 JUAN PABLO DUARTE,12.07388,06M132
P.S. 166 HENRY GRADSTEIN,17.4145,30Q166
P.S. 126 DR MARJORIE H DUNBAR,14.89669,09X126
P.S. 111 JACOB BLACKWELL,9.16657,30Q111
P.S. 028 MOUNT HOPE,14.65517,09X028
P.S. 091 RICHARD ARKWRIGHT,15.13477,24Q091
LANDMARK HIGH SCHOOL,14.34392,02M419
PARK SLOPE COLLEGIATE,14.42047,15K464
THE FRESH CREEK SCHOOL,15.89688,19K325
P.S. 033 EDWARD M. FUNK,18.74391,29Q033
P.S. 310 MARBLE HILL,14.4916,10X310
NORTH QUEENS COMMUNITY HIGH SCHOOL,14.32026,25Q792
NELSON MANDELA HIGH SCHOOL,13.8116,16K765
P.S. 096 JOSEPH LANZETTA,13.55338,04M096
P.S. 35 THE CLOVE VALLEY SCHOOL,16.34452,31R035
M.S. 250 WEST SIDE COLLABORATIVE MIDDLE SCHOOL,14.22251,03M250
P.S. 375 JACKIE ROBINSON SCHOOL,12.53226,17K375
P.S. 007 SAMUEL STERN,13.01983,04M007
I.S. 211 JOHN WILSON,15.38393,18K211
P.S. 156 WAVERLY,13.71389,23K156
J.H.S. 145 ARTURO TOSCANINI,11.21865,09X145
P.S. 020 CLINTON HILL,15.87155,13K020
P.S. 199 MAURICE A. FITZGERALD,16.10729,24Q199
I.S. 229 ROLAND PATTERSON,8.874311,09X229
NEW DIRECTIONS SECONDARY SCHOOL,10.39186,09X350
YORK EARLY COLLEGE ACADEMY,17.21343,28Q284
P.S. 149 SOJOURNER TRUTH,10.61736,03M149
P.S. 061 FRANCISCO OLLER,15.21162,12X061
P.S. 191 PAUL ROBESON,12.92307,17K191
SCHOOL FOR GLOBAL LEADERS,11.7743,01M378
J.H.S. 054 BOOKER T. WASHINGTON,18.14251,03M054
P.S./ I.S. 155 NICHOLAS HERKIMER,14.87223,23K155
INTERNATIONAL HIGH SCHOOL AT UNION SQUARE,12.74671,02M438
"BALLET TECH, NYC PUBLIC SCHOOL FOR DANCE",16.17021,02M442
HIGH SCHOOL M560 - CITY AS SCHOOL,17.13811,02M560
I.S. 119 THE GLENDALE,17.88917,24Q119
P.S. / I.S. 224,14.58641,07X224
I.S. X303 LEADERSHIP & COMMUNITY SERVICE,12.67243,09X303
P.S. 011 WILLIAM T. HARRIS,15.0206,02M011
P.S. 150 QUEENS,17.99806,30Q150
P.S. 110 THEODORE SCHOENFELD,14.38591,09X110
P.S. 38 ROBERTO CLEMENTE,9.947407,04M038
THE BILINGUAL BICULTURAL SCHOOL,13.60776,04M182
P.S. 023 RICHMONDTOWN,13.71347,31R023
THE SEEALL ACADEMY,13.91725,20K180
HIGH SCHOOL FOR EXCELLENCE AND INNOVATION,10.47368,06M423
BRONX LEADERSHIP ACADEMY II HIGH SCHOOL,14.50026,07X527
HIGH SCHOOL FOR ENERGY AND TECHNOLOGY,12.62808,10X565
P.S. 146,13.66908,15K146
P.S. 152 EVERGREEN,13.85115,08X152
P.S./M.S 042 R. VERNAM,12.63045,27Q042
COLLEGIATE INSTITUTE FOR MATH AND SCIENCE,17.28579,11X288
KHALIL GIBRAN INTERNATIONAL ACADEMY,9.952089,15K592
P.S. 129 PATRICIA LARKIN,15.11492,25Q129
THE NEW AMERICAN ACADEMY AT ROBERTO CLEMENTE STATE PARK,17.30491,09X274
P.S. 013 ROBERTO CLEMENTE,16.40392,19K013
FOOD AND FINANCE HIGH SCHOOL,14.05933,02M288
ENERGY TECH HIGH SCHOOL,12.46049,30Q258
ACADEMY OF ARTS AND LETTERS,17.12854,13K492
KAPPA,14.30995,09X215
P.S. 003 THE MARGARET GIOIOSA SCHOOL,16.83799,31R003
I.S. 218 SALOME URENA,9.536118,06M218
P.S. 008 LUIS BELLIARD,13.98729,06M008
CASTLE BRIDGE SCHOOL,11.80461,06M513
M.S. X101 EDWARD R. BYRNE,13.9691,08X101
HARLEM RENAISSANCE HIGH SCHOOL,13.33349,05M285
GLOBE SCHOOL FOR ENVIRONMENTAL RESEARCH,10.73874,11X272
P.S. 134 HENRIETTA SZOLD,9.823008,01M134
I.S. 204 OLIVER W. HOLMES,12.44133,30Q204
P.S. 108 SAL ABBRACCIAMENTO,14.74525,19K108
P.S. / I.S. 54,15.59889,10X054
P.S. 125 RALPH BUNCHE,16.07956,05M125
BROOKLYN ACADEMY HIGH SCHOOL,14.73422,13K553
M.S. 584,8.354307,16K584
P.S. 128 BENSONHURST,13.29045,21K128
EBC HIGH SCHOOL FOR PUBLIC SERVICE - BUSHWICK,15.04908,32K545
P.S. X088 - S. SILVERSTEIN LITTLE SPARROW SCHOOL,11.53333,09X088
P.S. 124 OSMOND A CHURCH,17.42951,27Q124
VOYAGES PREPARATORY,14.4215,24Q744
KINGSBOROUGH EARLY COLLEGE SCHOOL,14.6588,21K468
M.S. 129 ACADEMY FOR INDEPENDENT LEARNING AND LEADERSHIP,14.39286,12X129
P.S. 326,12.90248,22K326
GRANT AVENUE ELEMENTARY SCHOOL,12.75471,09X449
PROFESSOR JUAN BOSCH PUBLIC SCHOOL,12.13213,06M178
P.S. 115 GLEN OAKS,16.6125,26Q115
J.H.S. 062 DITMAS,13.99825,20K062
SOUNDVIEW ACADEMY FOR CULTURE AND SCHOLARSHIP,12.35181,08X448
GEORGE WASHINGTON CARVER HIGH SCHOOL FOR THE SCIENCES,18.24689,29Q272
CLARA BARTON HIGH SCHOOL,15.16146,17K600
SCIENCE AND TECHNOLOGY ACADEMY: A MOTT HALL SCHOOL,12.01025,09X454
PS/IS 116 WILLIAM C. HUGHLEY,13.70318,29Q116
P.S. 052 JOHN C. THOMPSON,14.06556,31R052
THE ANDERSON SCHOOL,21.16021,03M334
BAYSIDE HIGH SCHOOL,20.3447,26Q495
P.S. 159,17.98815,26Q159
P.S. 036 SAINT ALBANS SCHOOL,15.11647,29Q036
MEDGAR EVERS COLLEGE PREPARATORY SCHOOL,20.44368,17K590
THE CHRISTA MCAULIFFE SCHOOL\I.S. 187,19.31212,20K187
P.S. 289 GEORGE V. BROWER,12.69955,17K289
J.H.S. 278 MARINE PARK,12.42536,22K278
THOMAS C. GIORDANO MIDDLE SCHOOL 45,14.34105,10X045
ELEANOR ROOSEVELT HIGH SCHOOL,16.72912,02M416
J.H.S. 098 HERMAN RIDDER,10.11764,12X098
UNIVERSITY NEIGHBORHOOD HIGH SCHOOL,13.52,01M448
P.S. 274 KOSCIUSKO,15.93398,32K274
AMPARK NEIGHBORHOOD,18.52674,10X344
P.S. 011 KATHRYN PHELAN,15.64104,30Q011
NEW DESIGN HIGH SCHOOL,11.5468,02M543
P.S. 031 BAYSIDE,14.81595,26Q031
P.S. 083 LUIS MUNOZ RIVERA,15.22087,04M083
YOUNG SCHOLARS' ACADEMY FOR DISCOVERY AND EXPLORATION,16.69942,16K636
P.S. 239,13.86645,24Q239
M.S. 255 SALK SCHOOL OF SCIENCE,16.20696,02M255
JAMAICA GATEWAY TO THE SCIENCES,16.75834,28Q350
I.S. 285 MEYER LEVIN,13.15482,18K285
BROOKLYN PREPARATORY HIGH SCHOOL,14.97358,14K488
P.S. 078 ANNE HUTCHINSON,15.05474,11X078
SATELLITE EAST MIDDLE SCHOOL,7.559293,13K301
J.H.S. 050 JOHN D. WELLS,12.02404,14K050
DISCOVERY HIGH SCHOOL,18.95833,10X549
EMOLIOR ACADEMY,15.0,12X383
"URBAN ASSEMBLY ACADEMY OF GOVERNMENT AND LAW, THE",13.29172,02M305
"I.S. 349 MATH, SCIENCE & TECH.",11.77841,32K349
SPACE SHUTTLE COLUMBIA SCHOOL,16.05378,31R058
PELHAM PREPARATORY ACADEMY,19.6045,11X542
FORSYTH SATELLITE ACADEMY,16.93144,01M458
PATHWAYS IN TECHNOLOGY EARLY COLLEGE HIGH SCHOOL (P-TECH),19.8428,17K122
I.S. 007 ELIAS BERNSTEIN,16.32061,31R007
P.S. 167 THE PARKWAY,6.714285,17K167
ACADEMY OF APPLIED MATHEMATICS AND TECHNOLOGY,17.22887,07X343
YOUNG WOMEN'S LEADERSHIP SCHOOL,15.58477,04M610
P.S. 398 WALTER WEAVER,12.94495,17K398
P.S. 202 ERNEST S. JENKYNS,14.50999,19K202
BRONX INTERNATIONAL HIGH SCHOOL,13.3847,09X403
THE CINEMA SCHOOL,14.97679,12X478
P.S./I.S. 295,16.01455,29Q295
P.S. 297 ABRAHAM STOCKTON,12.50053,14K297
P.S. 69 VINCENT D. GRIPPO SCHOOL,14.48694,20K069
CULTURAL ACADEMY FOR THE ARTS AND SCIENCES,13.33312,18K629
"URBAN ASSEMBLY SCHOOL OF BUSINESS FOR YOUNG WOMEN, THE",16.28019,02M316
IN-TECH ACADEMY (M.S. / HIGH SCHOOL 368),14.53869,10X368
I.S. R002 GEORGE L. EGBERT,14.50022,31R002
P.S. 051 BRONX NEW SCHOOL,16.02337,10X051
P.S. 212,13.17567,12X212
HEALTH OPPORTUNITIES HIGH SCHOOL,16.47779,07X670
J.H.S. 190 RUSSELL SAGE,16.99437,28Q190
P.S. 048 JOSEPH R. DRAKE,12.4103,08X048
P.S. 021 CRISPUS ATTUCKS,15.30219,16K021
BUSHWICK LEADERS HIGH SCHOOL FOR ACADEMIC EXCELLENCE,11.43275,32K556
P.S. 065,16.64778,19K065
THE PECK SLIP SCHOOL,12.37693,02M343
P.S. 143 LOUIS ARMSTRONG,15.13666,24Q143
P.S. 023 CARTER G. WOODSON,11.22242,14K023
EAGLE ACADEMY FOR YOUNG MEN OF HARLEM,13.57142,05M148
J.H.S. 210 ELIZABETH BLACKWELL,17.14616,27Q210
I.S. 061 LEONARDO DA VINCI,13.53149,24Q061
P.S. 196,14.517,12X196
HIGH SCHOOL OF ECONOMICS AND FINANCE,19.13907,02M489
I.S. 364 GATEWAY,13.6249,19K364
I.S. 5 - THE WALTER CROWLEY INTERMEDIATE SCHOOL,16.68668,24Q005
"PS/MS 20 P.O.GEORGE J. WERDANN, III",15.04041,10X020
I.S. 068 ISAAC BILDERSEE,10.24741,18K068
PS 536,14.79436,12X536
I.S. 318 EUGENIO MARIA DE HOSTOS,16.31161,14K318
ACADEMY FOR SOCIAL ACTION: A COLLEGE BOARD SCHOOL,11.27671,05M367
P.S. 151 MARY D. CARTER,12.34305,30Q151
MIDDLE COLLEGE HIGH SCHOOL AT LAGUARDIA COMMUNITY COLLEGE,21.33333,24Q520
THE BROOKLYN ACADEMY OF GLOBAL FINANCE,10.19694,16K688
P.S. 040 AUGUSTUS SAINT-GAUDENS,16.90727,02M040
P.S./I.S. 323,16.89991,23K323
PARKSIDE PREPARATORY ACADEMY,15.54293,17K002
M.S. 158 MARIE CURIE,17.68003,26Q158
LOWER MANHATTAN ARTS ACADEMY,13.37301,02M308
P.S. Q086,15.77172,28Q086
MASPETH HIGH SCHOOL,15.82333,24Q585
P.S. 069 JACKSON HEIGHTS,18.19758,30Q069
P.S. 65 THE ACADEMY OF INNOVATIVE LEARNING,14.54842,31R065
URBAN ASSEMBLY SCHOOL FOR WILDLIFE CONSERVATION,11.59139,12X372
P.S. 177 THE MARLBORO,15.87628,21K177
P.S. 179,12.43902,07X179
THOMAS A. EDISON CAREER AND TECHNICAL EDUCATION HIGH SCHOOL,18.49498,28Q620
"P.S. 279 CAPTAIN MANUEL RIVERA, JR.",14.86073,10X279
P.S. 183 DR. RICHARD R. GREEN,12.98324,27Q183
HOSTOS-LINCOLN ACADEMY OF SCIENCE,15.20588,07X500
PROVIDING URBAN LEARNERS SUCCESS IN EDUCATION HIGH SCHOOL,15.59601,10X319
THE ACADEMY OF TALENTED SCHOLARS,6.865513,20K682
EAST FLATBUSH COMMUNITY RESEARCH SCHOOL,10.51877,18K581
P.S. 025 EUBIE BLAKE SCHOOL,6.921498,16K025
P.S. 166 THE RICHARD RODGERS SCHOOL OF THE ARTS AND TECHNOLOGY,15.36121,03M166
P.S. 298 DR. BETTY SHABAZZ,11.23258,23K298
P.S. 060 WOODHAVEN,15.80595,27Q060
P.S. 360,13.96308,10X360
PS/MS 11X498 - VAN NEST ACADEMY,16.09488,11X498
P.S. 277,12.28143,07X277
M.S. 319 - MARIA TERESA,14.2771,06M319
PS/MS 200 - THE POMONOK SCHOOL & STAR ACADEMY,14.14694,25Q200
"URBAN ASSEMBLY SCHOOL OF DESIGN AND CONSTRUCTION, THE",14.93663,02M300
P.S. 150,17.85906,02M150
P.S./I.S. 217 ROOSEVELT ISLAND,17.07195,02M217
P.S. 247 BROOKLYN,13.86759,20K247
J.H.S. 118 WILLIAM W. NILES,13.81332,10X118
J.H.S. 088 PETER ROUGET,14.64086,15K088
"THE MARIE CURIE SCHOOL FOR MEDICINE, NURSING, AND HEALTH PROFESSIONS",13.98196,10X237
P.S. 176 CAMBRIA HEIGHTS,19.07477,29Q176
DEWITT CLINTON HIGH SCHOOL,13.56393,10X440
I.S. 49 BERTA A. DREYFUS,14.23344,31R049
P.S. 380 JOHN WAYNE ELEMENTARY,12.82907,14K380
P.S. 057 HUBERT H. HUMPHREY,15.0806,31R057
RIVERDALE AVENUE MIDDLE SCHOOL,10.32242,23K668
P.S./I.S. 113 ANTHONY J. PRANZO,17.96528,24Q113
P.S. 093 WILLIAM H. PRESCOTT,16.16052,13K093
PELHAM ACADEMY OF ACADEMICS AND COMMUNITY ENGAGEMENT,16.73505,11X468
P.S. 190 SHEFFIELD,11.08695,19K190
BROOKLYN COLLEGE ACADEMY,21.01344,22K555
"ELEMENTARY SCHOOL FOR MATH, SCIENCE, AND TECHNOLOGY",14.06717,10X382
P.S. 035 FRANZ SIEGEL,14.41385,09X035
BROOKLYN TECHNICAL HIGH SCHOOL,22.14429,13K430
P.S. 184M SHUANG WEN,15.126,01M184
THE MATH & SCIENCE EXPLORATORY SCHOOL,11.40468,15K447
"BROOKLYN LATIN SCHOOL, THE",14.71441,14K449
P.S. 004 MAURICE WOLLIN,9.503945,31R004
HERBERT H. LEHMAN HIGH SCHOOL,11.3611,08X405
THE SCHOOL OF INTEGRATED LEARNING,10.45554,17K354
PROGRESS HIGH SCHOOL FOR PROFESSIONAL CAREERS,15.38245,14K474
BREAD & ROSES INTEGRATED ARTS HIGH SCHOOL,8.0,05M685
P.S. 124 SILAS B. DUTCHER,13.57298,15K124
P.S. 019 THE CURTIS SCHOOL,17.16274,31R019
P.S. 090 HORACE MANN,16.07133,27Q090
P.S. 329 SURFSIDE,14.36447,21K329
FIORELLO H. LAGUARDIA HIGH SCHOOL OF MUSIC & ART AND PERFORMING ARTS,19.99557,03M485
ART AND DESIGN HIGH SCHOOL,15.36865,02M630
FREDERICK DOUGLASS ACADEMY VI HIGH SCHOOL,15.56043,27Q260
P.S. 287 BAILEY K. ASHFORD,13.40918,13K287
M.S. 51 WILLIAM ALEXANDER,17.83536,15K051
BROOKLYN LANDMARK ELEMENTARY SCHOOL,19.84458,23K599
P.S. 054 CHARLES W. LENG,15.6279,31R054
FRANK SINATRA SCHOOL OF THE ARTS HIGH SCHOOL,16.97144,30Q501
"METROPOLITAN HIGH SCHOOL, THE",12.14287,12X248
PERFORMANCE SCHOOL,7.398051,07X385
P.S. 041 FRANCIS WHITE,13.58662,23K041
BROOKLYN FRONTIERS HIGH SCHOOL,7.390104,15K423
P.S. 222 KATHERINE R. SNYDER,12.92105,22K222
P.S. 018 EDWARD BUSH,12.14285,14K018
WORLD JOURNALISM PREPARATORY: A COLLEGE BOARD SCHOOL,15.70403,25Q285
J.H.S. 259 WILLIAM MCKINLEY,19.4897,20K259
HIGH SCHOOL OF GRAPHIC COMMUNICATION ARTS,7.220493,02M625
EAST NEW YORK MIDDLE SCHOOL OF EXCELLENCE,12.43674,19K678
MIDDLE SCHOOL FOR ART AND PHILOSOPHY,17.66994,18K588
P.S. 117 J. KELD / BRIARWOOD SCHOOL,16.68478,28Q117
WATERSIDE SCHOOL FOR LEADERSHIP,11.67921,27Q318
P.S. 214 CADWALLADER COLDEN,15.58676,25Q214
FAIRMONT NEIGHBORHOOD SCHOOL,10.26888,12X314
P.S. 059 BEEKMAN HILL INTERNATIONAL,15.51374,02M059
W.E.B. DUBOIS ACADEMIC HIGH SCHOOL,15.71428,17K489
P.S. 209 CLEARVIEW GARDENS,16.71597,25Q209
P.S. 246 POE CENTER,13.10849,10X246
J.H.S. 151 LOU GEHRIG,11.16965,07X151
P.S. 163 BATH BEACH,14.60426,20K163
BROOKLYN SCHOOL OF INQUIRY,18.31353,20K686
JACQUELINE KENNEDY ONASSIS HIGH SCHOOL,15.79917,02M529
BROOKLYN INTERNATIONAL HIGH SCHOOL,16.09989,13K439
CORNERSTONE ACADEMY FOR SOCIAL ACTION MIDDLE SCHOOL (CASA),17.92869,11X462
W. H. MAXWELL CAREER AND TECHNICAL EDUCATION HIGH SCHOOL,11.04021,19K660
P.S. 054 SAMUEL C. BARNES,10.24164,13K054
CHOIR ACADEMY OF HARLEM,4.716576,05M469
"YOUNG WOMEN'S LEADERSHIP SCHOOL, QUEENS",17.03978,28Q896
INTERNATIONAL SCHOOL FOR LIBERAL ARTS,14.09454,10X342
"HIGH SCHOOL FOR MATHEMATICS, SCIENCE AND ENGINEERING AT CITY COLLEGE",15.85157,05M692
ACADEMY FOR HEALTH CAREERS,11.79096,17K751
HAWTREE CREEK MIDDLE SCHOOL,12.31765,27Q297
P.S. 050 FRANK HANKINSON,16.7164,31R050
NEW HEIGHTS MIDDLE SCHOOL,9.342047,17K722
VALIDUS PREPARATORY ACADEMY: AN EXPEDITIONARY LEARNING SCHOOL,15.40165,09X263
J.H.S. 216 GEORGE J. RYAN,21.19303,26Q216
MIDWOOD HIGH SCHOOL,23.7542,22K405
CITY KNOLL MIDDLE SCHOOL,11.21428,02M933
M.S. M247 DUAL LANGUAGE MIDDLE SCHOOL,11.29825,03M247
THE HARBOR VIEW SCHOOL,12.71496,31R059
"CITY POLYTECHNIC HIGH SCHOOL OF ENGINEERING, ARCHITECTURE, AND TECHNOLOGY",15.97818,13K674
P.S. 305 DR. PETER RAY,13.37425,13K305
BRONX HIGH SCHOOL FOR THE VISUAL ARTS,17.79642,11X418
JOHN ADAMS HIGH SCHOOL,13.24609,27Q480
CHELSEA CAREER AND TECHNICAL EDUCATION HIGH SCHOOL,13.2322,02M615
P.S. 066 SCHOOL OF HIGHER EXPECTATIONS,12.45508,12X066
P.S. 158 WARWICK,15.31526,19K158
EMMA LAZARUS HIGH SCHOOL,17.39479,02M394
PAN AMERICAN INTERNATIONAL HIGH SCHOOL AT MONROE,13.71408,12X388
BAYCHESTER ACADEMY,17.63214,11X169
P.S. 060 ALICE AUSTEN,15.42776,31R060
P.S. 154 HARRIET TUBMAN,14.90104,05M154
SHEEPSHEAD BAY HIGH SCHOOL,8.385628,22K495
LEARNERS AND LEADERS,13.96376,24Q305
BROWNSVILLE ACADEMY HIGH SCHOOL,11.51506,17K568
HARRY S TRUMAN HIGH SCHOOL,20.46298,11X455
N.Y.C. MUSEUM SCHOOL,16.83018,02M414
URBAN SCHOLARS COMMUNITY SCHOOL,13.75,12X463
I.S. 281 JOSEPH B CAVALLARO,18.79597,21K281
"FACING HISTORY SCHOOL, THE",12.05699,02M303
P.S. 095 THE GRAVESEND,14.60157,21K095
P.S. 019 ASHER LEVY,6.971557,01M019
P.S. 163 FLUSHING HEIGHTS,16.20139,25Q163
P.S. 333 MANHATTAN SCHOOL FOR CHILDREN,14.88803,03M333
MANHATTAN ACADEMY FOR ARTS & LANGUAGE,12.10013,02M427
TOMPKINS SQUARE MIDDLE SCHOOL,13.32057,01M839
VICTORY COLLEGIATE HIGH SCHOOL,14.08695,18K576
P.S. 97 THE HIGHLAWN,13.68231,21K097
P.S. 022 THOMAS JEFFERSON,14.18107,25Q022
FREDERICK DOUGLASS ACADEMY,16.19489,05M499
P.S. 152 GWENDOLINE N. ALLEYNE SCHOOL,16.2021,30Q152
THE HIGH SCHOOL OF FASHION INDUSTRIES,17.91248,02M600
P.S. 62,11.17647,31R062
RED HOOK NEIGHBORHOOD SCHOOL,13.66678,15K676
P.S. 052 SHEEPSHEAD BAY,16.85158,22K052
ACADEMY FOR ENVIRONMENTAL LEADERSHIP,10.6351,32K403
LYONS COMMUNITY SCHOOL,11.44678,14K586
P.S. 216 ARTURO TOSCANINI,18.06974,21K216
P.S. 180 HUGO NEWMAN,12.97436,03M180
P.S. 397 FOSTER-LAURIE,11.757,17K397
INWOOD EARLY COLLEGE FOR HEALTH AND INFORMATION TECHNOLOGIES,11.93025,06M211
RENAISSANCE HIGH SCHOOL FOR MUSICAL THEATER & TECHNOLOGY,16.40176,08X293
PS 78,13.44592,31R078
P.S. 155 WILLIAM PACA,11.74925,04M155
SUNSET PARK PREP,13.25822,15K821
GOTHAM PROFESSIONAL ARTS ACADEMY,11.80737,16K594
P.S. 017 HENRY D. WOODWORTH,11.0425,14K017
"SCHOOL OF MATH, SCIENCE, AND HEALTHY LIVING",11.85546,20K971
NAPLES STREET ELEMENTARY SCHOOL,11.07671,31R009
KNOWLEDGE AND POWER PREPARATORY ACADEMY INTERNATIONAL HIGH SCHOOL (KAPPA),12.23613,10X374
QUEENS GATEWAY TO HEALTH SCIENCES SECONDARY SCHOOL,18.87043,28Q680
P.S. 120 CARLOS TAPIA,14.86956,14K120
P.S. 006 WEST FARMS,13.54035,12X006
J.H.S. 144 MICHELANGELO,16.85762,11X144
NEW VOICES SCHOOL OF ACADEMIC & CREATIVE ARTS,15.45714,15K443
PS 354,14.99091,28Q354
NEW DESIGN MIDDLE SCHOOL,9.683634,05M514
P.S. 123,15.96031,27Q123
P.S. 099 KEW GARDENS,14.89638,28Q099
BROOKLYN INSTITUTE FOR LIBERAL ARTS,14.04675,17K745
P.S. 163 ALFRED E. SMITH,15.11822,03M163
P.S. 044 DAVID C. FARRAGUT,10.78422,12X044
STATEN ISLAND TECHNICAL HIGH SCHOOL,21.07305,31R605
WATERSIDE CHILDREN'S STUDIO SCHOOL,14.43929,27Q317
IRWIN ALTMAN MIDDLE SCHOOL 172,17.79954,26Q172
P.S. 175 THE LYNN GROSS DISCOVERY SCHOOL,20.2407,28Q175
WILLIAMSBURG PREPARATORY SCHOOL,17.23468,14K561
ARTS & MEDIA PREPARATORY ACADEMY,12.83539,18K589
WORLD VIEW HIGH SCHOOL,10.80356,10X353
P.S. 212 MIDTOWN WEST,18.20608,02M212
COALITION SCHOOL FOR SOCIAL CHANGE,12.22749,04M409
JEAN NUZZI INTERMEDIATE SCHOOL,17.17388,29Q109
P.S. 229 EMANUEL KAPLAN,17.9424,24Q229
P.S. 048 MAPLETON,15.52945,20K048
BRONX LITTLE SCHOOL,12.04752,12X691
P.S. 056 NORWOOD HEIGHTS,16.96247,10X056
URBAN INSTITUTE OF MATHEMATICS,14.91437,08X371
BROOKLYN SCHOOL FOR MUSIC & THEATRE,14.04221,17K548
P.S. 018 PARK TERRACE,13.50231,06M018
WADLEIGH SECONDARY SCHOOL FOR THE PERFORMING & VISUAL ARTS,10.11481,03M415
EXCELSIOR PREPARATORY HIGH SCHOOL,17.22523,29Q265
URBAN ASSEMBLY MAKER ACADEMY,13.0,02M282
P.S. 042 BENJAMIN ALTMAN,14.50508,02M042
JONATHAN LEVIN HIGH SCHOOL FOR MEDIA AND COMMUNICATIONS,7.1,09X414
FOREST HILLS HIGH SCHOOL,20.96311,28Q440
DR. JACQUELINE PEEK-DAVIS SCHOOL,16.33184,17K012
"THE SCHOOL FOR CLASSICS: AN ACADEMY OF THINKERS, WRITERS AND PEFORMERS",15.56834,19K683
MARTIN VAN BUREN HIGH SCHOOL,17.14576,26Q435
RENAISSANCE SCHOOL OF THE ARTS,9.875,04M377
P.S. 064 JOSEPH P. ADDABBO,15.87804,27Q064
P.S. 032 SAMUEL MILLS SPROLE,8.511029,15K032
BRONX GREEN MIDDLE SCHOOL,13.21256,11X326
N.Y.C. LAB SCHOOL FOR COLLABORATIVE STUDIES,13.83264,02M412
PAN AMERICAN INTERNATIONAL HIGH SCHOOL,12.09677,24Q296
CONSELYEA PREPARATORY SCHOOL,16.43147,14K577
P.S. 091 THE ALBANY AVENUE SCHOOL,12.96649,17K091
P.S. 073 THOMAS S. BOYLAND,5.67172,23K073
J.H.S. 157 STEPHEN A. HALSEY,19.9663,28Q157
"MATHEMATICS, SCIENCE RESEARCH AND TECHNOLOGY MAGNET HIGH SCHOOL",18.57403,29Q492
"THE HIGH SCHOOL FOR ENTERPRISE, BUSINESS AND TECHNOLOGY",15.59602,14K478
LONG ISLAND CITY HIGH SCHOOL,15.51248,30Q450
LEADERSHIP AND PUBLIC SERVICE HIGH SCHOOL,15.14285,02M425
BEACON HIGH SCHOOL,21.73934,03M479
"SCHOOL FOR HUMAN RIGHTS, THE",15.68,17K531
EAGLE ACADEMY FOR YOUNG MEN II,15.94444,23K644
GOLDIE MAPLE ACADEMY,14.12667,27Q333
P.S. 039 HENRY BRISTOW,15.21931,15K039
P.S. 284 LEW WALLACE,13.55962,23K284
P.S. 205 CLARION,16.3928,20K205
BRONX PARK MIDDLE SCHOOL,10.92297,11X556
P.S. 172 BEACON SCHOOL OF EXCELLENCE,12.19452,15K172
THE BRONXWOOD PREPARATORY ACADEMY,15.82557,11X514
HIGH SCHOOL FOR COMMUNITY LEADERSHIP,13.24697,28Q328
BRONX LATIN,11.64187,12X267
P.S. 270 JOHANN DEKALB,13.11372,13K270
I.S. 096 SETH LOW,12.16572,21K096
P.S. 243K- THE WEEKSVILLE SCHOOL,10.38329,16K243
BRONX HEALTH SCIENCES HIGH SCHOOL,19.44715,11X249
J.H.S. 162 LOLA RODRIGUEZ DE TIO,10.78662,07X162
BROOKLYN LAB SCHOOL,14.30401,19K639
BROOKLYN ARBOR ELEMENTARY SCHOOL,14.60583,14K414
P.S. 076 THE BENNINGTON SCHOOL,15.23698,11X076
M.S. 246 WALT WHITMAN,11.93738,17K246
P.S. 197 - THE KINGS HIGHWAY ACADEMY,13.4309,22K197
QUEENS SATELLITE HIGH SCHOOL FOR OPPORTUNITY,13.5,28Q338
I.S. 206 ANN MERSEREAU,12.45019,10X206
I.S. 73 - THE FRANK SANSIVIERI INTERMEDIATE SCHOOL,15.90277,24Q073
WASHINGTON HEIGHTS ACADEMY,18.36705,06M366
P.S. 189 THE BILINGUAL CENTER,14.84564,17K189
NEW YORK CITY ACADEMY FOR DISCOVERY,13.33783,27Q306
P.S. 189,15.65057,06M189
COLLABORATIVE ARTS MIDDLE SCHOOL,13.86817,29Q355
P.S. 047 CHRIS GALAS,10.63637,27Q047
P.S. 175 HENRY H GARNET,15.28268,05M175
J.H.S. 080 THE MOSHOLU PARKWAY,12.17474,10X080
RESEARCH AND SERVICE HIGH SCHOOL,17.344,16K669
HILLCREST HIGH SCHOOL,19.41592,28Q505
P.S. 226 ALFRED DE B.MASON,13.46303,21K226
P.S. 046 EDWARD C. BLUM,10.85365,13K046
P.S. 115 DANIEL MUCATEL SCHOOL,16.5202,18K115
MOTT HALL BRIDGES ACADEMY,11.5121,23K671
P.S./M.S. 280 MOSHOLU PARKWAY,14.36688,10X280
ONE WORLD MIDDLE SCHOOL AT EDENWALD,9.375482,11X529
P.S. 072 DR. WILLIAM DORNEY,16.03252,08X072
HUNTERS POINT COMMUNITY MIDDLE SCHOOL,11.38663,30Q291
YORKVILLE COMMUNITY SCHOOL,13.78142,02M151
P.S. 316 ELIJAH STROUD,10.57641,17K316
P.S./I.S. 045 HORACE E. GREENE,14.94105,32K045
P.S./I.S. 104 THE FORT HAMILTON SCHOOL,17.84612,20K104
YORKVILLE EAST MIDDLE SCHOOL,12.20779,02M177
I.S. 075 FRANK D. PAULO,14.43105,31R075
P.S. 330,13.63679,24Q330
P.S. 023 THE NEW CHILDREN'S SCHOOL,12.34249,10X023
I.S. 136 CHARLES O. DEWEY,10.22919,15K136
P.S. 226,15.61262,10X226
M.S. K266 - PARK PLACE COMMUNITY MIDDLE SCHOOL,12.36374,13K266
P.S. 206 THE HORACE HARDING SCHOOL,14.2612,28Q206
THE RIVER SCHOOL,11.35922,02M281
P.S. 107 THOMAS A DOOLEY,16.29881,25Q107
P.S. 124 YUNG WING,15.3848,02M124
P.S. 192 JACOB H. SCHIFF,12.34693,06M192
P.S. 150 CHRISTOPHER,13.80977,23K150
COMPREHENSIVE MODEL SCHOOL PROJECT M.S. 327,15.2985,09X327
BRONX COMPASS HIGH SCHOOL,11.40569,08X561
P.S. 034 OLIVER H. PERRY,15.82418,14K034
ACADEMY FOR LANGUAGE AND TECHNOLOGY,13.49998,09X365
HUDSON HIGH SCHOOL OF LEARNING TECHNOLOGIES,14.26015,02M437
P.S. 276 LOUIS MARSHALL,15.98766,18K276
P.S. X140 THE EAGLE SCHOOL,15.04488,08X140
BRONX DELTA SCHOOL,13.06722,08X392
ACADEMY FOR SCHOLARSHIP AND ENTREPRENEURSHIP: A COLLEGE BOARD SCHOOL,16.21624,11X270
J.H.S. 078 ROY H. MANN,14.64102,22K078
P.S. 361 EAST FLATBUSH EARLY CHILDHOOD SCHOOL,14.39568,22K361
"EAST SIDE ELEMENTARY SCHOOL, PS 267",14.11429,02M267
P.S. 8 SHIRLEE SOLOMON,16.24599,31R008
P.S. 089 BRONX,16.66418,11X089
P.S. 242 LEONARD P. STAVISKY EARLY CHILDHOOD SCHOOL,11.74855,25Q242
"THE QUEENS COLLEGE SCHOOL FOR MATH, SCIENCE AND TECHNOLOGY",18.73704,25Q499
P.S. 008 ROBERT FULTON,14.78571,13K008
LOWER MANHATTAN COMMUNITY MIDDLE SCHOOL,13.64275,02M896
P.S. 034 JOHN HARVARD,18.17547,29Q034
M.S. 301 PAUL L. DUNBAR,11.3125,08X301
P.S. 097 FOREST PARK,15.93865,27Q097
"M.S. 267 MATH, SCIENCE & TECHNOLOGY",10.06659,16K267
BENJAMIN FRANKLIN HIGH SCHOOL FOR FINANCE & INFORMATION TECHNOLOGY,11.07467,29Q313
P.S. 009 SARAH ANDERSON,14.51307,03M009
THE BROOKLYN SCHOOL FOR MATH AND RESEARCH,13.63157,32K168
P.S. 232 LINDENWOOD,16.53109,27Q232
P.S. 140 EDWARD K ELLINGTON,17.11554,28Q140
THE URBAN ASSEMBLY UNISON SCHOOL,10.01843,13K351
EAST ELMHURST COMMUNITY SCHOOL,17.61538,30Q329
P.S. 046 ALBERT V. MANISCALCO,11.83156,31R046
I.S. 254,14.00124,10X254
P.S. 158 BAYARD TAYLOR,15.82753,02M158
BRONX ALLIANCE MIDDLE SCHOOL,11.54018,11X355
FORDHAM LEADERSHIP ACADEMY FOR BUSINESS AND TECHNOLOGY,13.9652,10X438
P.S. 195 MANHATTAN BEACH,18.72322,22K195
HIGH SCHOOL OF HOSPITALITY MANAGEMENT,14.65384,02M296
ANDRIES HUDDE,16.0098,22K240
J.H.S. 234 ARTHUR W. CUNNINGHAM,19.25206,22K234
"HIGH SCHOOL FOR ARTS, IMAGINATION AND INQUIRY",14.30069,03M299
BRONX DESIGN AND CONSTRUCTION ACADEMY,13.1393,07X522
PIONEER ACADEMY,13.30038,24Q307
P.S. 291,15.21012,10X291
P.S. X015 INSTITUTE FOR ENVIRONMENTAL LEARNING,17.04804,10X015
P.S. 307 DANIEL HALE WILLIAMS,7.837062,13K307
URBAN ACTION ACADEMY,12.96577,18K642
BROOKLYN BRIDGE ACADEMY,16.183,18K578
JAMES MADISON HIGH SCHOOL,20.574,22K425
THE HIGH SCHOOL FOR LANGUAGE AND DIPLOMACY,14.5,02M399
P.S. 085 GREAT EXPECTATIONS,12.20052,10X085
VANGUARD HIGH SCHOOL,13.88519,02M449
UNIVERSITY NEIGHBORHOOD MIDDLE SCHOOL,9.528298,01M332
P.S. 196 TEN EYCK,12.57839,14K196
MURRAY HILL ACADEMY,11.25933,02M432
PS 5 PORT MORRIS,14.47828,07X005
P.S. 186 CASTLEWOOD,6.728861,26Q186
P.S. 396,5.96692,10X396
P.S. 066 JACQUELINE KENNEDY ONASSIS,14.85563,27Q066
P.S. 133 WILLIAM A. BUTLER,16.75,13K133
P.S. 199 JESSIE ISADOR STRAUS,19.71228,03M199
PATHWAYS COLLEGE PREPARATORY SCHOOL: A COLLEGE BOARD SCHOOL,18.06771,29Q259
P.S. 39 FRANCIS J. MURPHY JR.,16.86144,31R039
I.S. 145 JOSEPH PULITZER,14.25555,30Q145
CONCOURSE VILLAGE ELEMENTARY SCHOOL,9.816176,07X359
P.S. 038 THE PACIFIC,13.74173,15K038
WEST BROOKLYN COMMUNITY HIGH SCHOOL,12.93222,15K529
BRONX COLLABORATIVE HIGH SCHOOL,13.21264,10X351
J.H.S. 189 DANIEL CARTER BEARD,17.66118,25Q189
EAGLE ACADEMY FOR YOUNG MEN III,13.00163,29Q327
P.S. 198 BROOKLYN,12.92133,22K198
THE URBAN ASSEMBLY SCHOOL FOR LAW AND JUSTICE,14.77883,13K483
MOTT HALL COMMUNITY SCHOOL,14.28393,08X467
FORT GREENE PREPARATORY ACADEMY,11.03633,13K691
P.S. 005 HUGUENOT,12.30195,31R005
MOTT HALL IV,13.55932,23K522
URBAN ASSEMBLY ACADEMY OF CIVIC ENGAGEMENT,9.490632,08X366
HIGH SCHOOL FOR PUBLIC SERVICE: HEROES OF TOMORROW,17.68132,17K546
P.S. 299 THOMAS WARREN FIELD,12.12025,32K299
ALFRED E. SMITH CAREER AND TECHNICAL EDUCATION HIGH SCHOOL,10.42433,07X600
BROOKLYN BROWNSTONE SCHOOL,16.20689,16K628
P.S. 102 BAYVIEW,15.18127,24Q102
P.S. 175 CITY ISLAND,12.90194,11X175
P.S. 165 EDITH K. BERGTRAUM,9.27281,25Q165
YOUNG VOICES ACADEMY OF THE BRONX,13.63013,11X357
HARVEST COLLEGIATE HIGH SCHOOL,12.6467,02M534
P.S. 004 DUKE ELLINGTON,13.75649,06M004
BRONX LAB SCHOOL,12.57373,11X265
P.S. 131 ABIGAIL ADAMS,17.84499,29Q131
BROOKLYN SCIENCE AND ENGINEERING ACADEMY,11.25,18K763
THE MICHAEL J. PETRIDES SCHOOL,17.8467,31R080
P.S. 208 ALAIN L. LOCKE,10.62151,03M208
QUEENS UNITED MIDDLE SCHOOL,14.67532,29Q289
MILLENNIUM BROOKLYN HS,10.0,15K684
WORLD ACADEMY FOR TOTAL COMMUNITY HEALTH HIGH SCHOOL,13.19586,19K510
P.S. 026 RUFUS KING,16.99256,26Q026
P.S. X037 - MULTIPLE INTELLIGENCE SCHOOL,14.90905,10X037
INDEPENDENCE HIGH SCHOOL,17.66644,02M544
P.S. 030 WILTON,14.43256,07X030
P.S. 043,15.38562,27Q043
BRONX GUILD,13.60869,08X452
GRAMERCY ARTS HIGH SCHOOL,14.75614,02M374
P.S. 092 BRONX,12.34016,12X092
KURT HAHN EXPEDITIONARY LEARNING SCHOOL,13.76017,18K569
P.S. 045 CLARENCE WITHERSPOON,15.10123,27Q045
INTERNATIONAL HIGH SCHOOL AT LAGUARDIA COMMUNITY COLLEGE,17.26666,24Q530
HIGHLAND PARK COMMUNITY SCHOOL,15.87212,19K760
P.S. 046 EDGAR ALLAN POE,13.39061,10X046
I.S. 171 ABRAHAM LINCOLN,14.53389,19K171
BRONX THEATRE HIGH SCHOOL,13.07407,10X546
FORDHAM HIGH SCHOOL FOR THE ARTS,12.13434,10X437
CHANNEL VIEW SCHOOL FOR RESEARCH,13.81657,27Q262
P.S./I.S. 78Q,15.33599,30Q078
WILLIAM E. GRADY CAREER AND TECHNICAL EDUCATION HIGH SCHOOL,15.91473,21K620
"CELIA CRUZ BRONX HIGH SCHOOL OF MUSIC, THE",16.8,10X442
