all/school_s2tr.DBN,all/school_s2tr.School Name,all/school_s2tr.School Pupil-Teacher Ratio
15K029,P.S. 029 JOHN M. HARRIGAN,16.76136
05M670,THURGOOD MARSHALL ACADEMY FOR LEARNING AND SOCIAL CHANGE,15.4156
15K519,COBBLE HILL SCHOOL OF AMERICAN STUDIES,16.73481
03M242,P.S. 242 - THE YOUNG DIPLOMATS MAGNET ACADEMY,9.30851
08X558,WESTCHESTER SQUARE ACADEMY,13.79759
28Q303,THE ACADEMY FOR EXCELLENCE THROUGH THE ARTS,16.8618
02M111,P.S. 111 ADOLPH S. OCHS,11.36908
17K532,NEW BRIDGES ELEMENTARY,11.66025
06M115,P.S. 115 ALEXANDER HUMBOLDT,14.608
07X157,P.S. 157 GROVE HILL,12.70295
05M517,TEACHERS COLLEGE COMMUNITY SCHOOL,15.58856
02M130,P.S. 130 HERNANDO DE SOTO,19.01537
19K764,THE URBAN ASSEMBLY SCHOOL FOR COLLABORATIVE HEALTHCARE,12.77031
28Q332,REDWOOD MIDDLE SCHOOL,14.26867
29Q494,"LAW, GOVERNMENT AND COMMUNITY SERVICE HIGH SCHOOL",7.989134
31R048,P.S. 048 WILLIAM G. WILCOX,16.08261
29Q326,CAMBRIA HEIGHTS ACADEMY,13.44584
28Q217,J.H.S. 217 ROBERT A. VAN WYCK,18.8394
02M289,I.S. 289,16.06448
27Q100,P.S. 100 GLEN MORRIS,15.615
22K245,P.S. 245,13.92618
31R470,CONCORD HIGH SCHOOL,13.54545
30Q445,WILLIAM CULLEN BRYANT HIGH SCHOOL,17.85777
08X071,P.S. 071 ROSE E. SCALA,14.03484
25Q201,P.S. 201 THE DISCOVERY SCHOOL FOR INQUIRY AND RESEARCH,11.50602
15K261,P.S. 261 PHILIP LIVINGSTON,15.86805
29Q360,P.S. 360,13.26086
13K412,"BROOKLYN COMMUNITY HIGH SCHOOL OF COMMUNICATION, ARTS AND MEDIA",13.78923
02M605,HUMANITIES PREPARATORY ACADEMY,14.10544
11X103,P.S. 103 HECTOR FONTANEZ,14.98268
13K595,BEDFORD ACADEMY HIGH SCHOOL,18.67875
04M012,TAG YOUNG SCHOLARS,21.57692
31R455,TOTTENVILLE HIGH SCHOOL,19.5217
12X057,P.S. 057 CRESCENT,14.56691
02M533,UNION SQUARE ACADEMY FOR HEALTH SCIENCES,13.73333
32K291,J.H.S. 291 ROLAND HAYES,11.18381
02M551,URBAN ASSEMBLY NEW YORK HARBOR SCHOOL,11.60027
02M586,HARVEY MILK HIGH SCHOOL,7.728648
04M555,CENTRAL PARK EAST HIGH SCHOOL,16.17241
09X505,"BRONX SCHOOL FOR LAW, GOVERNMENT AND JUSTICE",15.02719
09X323,BRONX WRITING ACADEMY,12.37135
30Q076,P.S. 076 WILLIAM HALLET,9.815159
02M167,J.H.S. 167 ROBERT F. WAGNER,15.61726
19K306,P.S. 306 ETHAN ALLEN,11.00481
25Q241,QUEENS HIGH SCHOOL FOR LANGUAGE STUDIES,13.21587
06M467,HIGH SCHOOL FOR LAW AND PUBLIC SERVICE,16.70156
07X321,CROTONA ACADEMY HIGH SCHOOL,14.21365
02M001,P.S. 001 ALFRED E. SMITH,11.65984
05M129,P.S. 129 JOHN H. FINLEY,14.77082
23K363,BROWNSVILLE COLLABORATIVE MIDDLE SCHOOL,7.533537
20K030,PS/IS 30 MARY WHITE OVINGTON,13.29098
11X566,PELHAM GARDENS MIDDLE SCHOOL,13.17855
20K609,URBAN ASSEMBLY SCHOOL FOR CRIMINAL JUSTICE,13.01094
15K107,P.S. 107 JOHN W. KIMBALL,16.01119
21K215,P.S. 215 MORRIS H. WEISS,15.76653
09X339,I.S. 339,9.066128
20K485,HIGH SCHOOL OF TELECOMMUNICATION ARTS AND TECHNOLOGY,16.68152
21K153,P.S. 153 HOMECREST,15.50302
04M206,P.S. 206 JOSE CELSO BARBOSA,7.09375
11X194,PS/MS 194,15.12819
25Q185,J.H.S. 185 EDWARD BLEEKER,16.76421
28Q050,P.S. 050 TALFOURD LAWN ELEMENTARY SCHOOL,16.11954
26Q162,P.S. 162 JOHN GOLDEN,17.47502
27Q056,P.S. 056 HARRY EICHLER,15.43742
24Q236,INTERNATIONAL HIGH SCHOOL FOR HEALTH SCIENCES,13.34972
06M462,THE COLLEGE ACADEMY,19.29053
27Q334,EPIC HIGH SCHOOL - NORTH,17.3
10X244,THE NEW SCHOOL FOR LEADERSHIP AND JOURNALISM,14.85294
22K152,SCHOOL OF SCIENCE & TECHNOLOGY,14.64131
03M494,HIGH SCHOOL OF ARTS AND TECHNOLOGY,16.47159
10X331,THE BRONX SCHOOL OF YOUNG LEADERS,12.16545
15K118,THE MAURICE SENDAK COMMUNITY SCHOOL,28.48841
08X093,P.S. 093 ALBERT G. OLIVER,13.64529
07X520,FOREIGN LANGUAGE ACADEMY OF GLOBAL STUDIES,6.23604
18K563,IT TAKES A VILLAGE ACADEMY,13.7708
06M368,HAMILTON HEIGHTS SCHOOL,13.3125
30Q149,P.S. 149 CHRISTA MCAULIFFE,14.74905
27Q108,P.S. 108 CAPTAIN VINCENT G. FOWLER,17.92389
19K404,ACADEMY FOR YOUNG WRITERS,13.98894
30Q002,P.S. 002 ALFRED ZIMBERG,14.99885
09X361,THE HIGHBRIDGE GREEN SCHOOL,12.06605
01M650,CASCADES HIGH SCHOOL,18.62664
30Q010,I.S. 010 HORACE GREELEY,14.30789
08X123,J.H.S. 123 JAMES M. KIERAN,12.05041
17K399,P.S. 399 STANLEY EUGENE CLARK,18.88365
07X551,THE URBAN ASSEMBLY BRONX ACADEMY OF LETTERS,11.33355
27Q223,P.S. 223 LYNDON B. JOHNSON,15.47146
09X055,P.S. 055 BENJAMIN FRANKLIN,16.80807
24Q610,AVIATION CAREER & TECHNICAL EDUCATION HIGH SCHOOL,17.09335
14K059,P.S. 059 WILLIAM FLOYD,13.97849
31R028,THE EAGLE ACADEMY FOR YOUNG MEN OF STATEN ISLAND,11.9
15K418,THE CHILDREN'S SCHOOL,13.21123
17K161,P.S. 161 THE CROWN,14.55068
23K446,RIVERDALE AVENUE COMMUNITY SCHOOL,13.69674
30Q575,ACADEMY OF AMERICAN STUDIES,20.7302
07X369,YOUNG LEADERS ELEMENTARY SCHOOL,9.784098
14K126,JOHN ERICSSON MIDDLE SCHOOL 126,12.77254
30Q112,P.S. 112 DUTCH KILLS,14.17105
17K537,HIGH SCHOOL FOR YOUTH AND COMMUNITY DEVELOPMENT AT ERASMUS,20.22212
30Q301,ACADEMY FOR CAREERS IN TELEVISION AND FILM,16.39393
24Q455,NEWTOWN HIGH SCHOOL,17.10203
08X304,P.S. 304 EARLY CHILDHOOD SCHOOL,15.57287
15K131,P.S. 131 BROOKLYN,13.98886
30Q280,P.S. 280,16.79763
20K160,P.S. 160 WILLIAM T. SAMPSON,14.83959
29Q251,P.S. 251 QUEENS,13.75757
09X022,J.H.S. 022 JORDAN L. MOTT,9.442191
05M157,THE URBAN ASSEMBLY SCHOOL FOR GLOBAL COMMERCE,11.19191
19K328,P.S. 328 PHYLLIS WHEATLEY,12.29942
27Q051,P.S. 051,13.78205
13K011,P.S. 011 PURVIS J. BEHAN,17.52246
21K121,P.S. 121 NELSON A. ROCKEFELLER,7.717376
31R006,P.S. 6 CORPORAL ALLAN F. KIVLEHAN SCHOOL,14.73766
18K617,HIGH SCHOOL FOR INNOVATION IN ADVERTISING AND MEDIA,12.46219
25Q029,P.S. 029 QUEENS,15.68334
15K230,P.S. 230 DORIS L. COHEN,13.60912
31R074,P.S. 74 FUTURE LEADERS ELEMENTARY SCHOOL,11.86363
24Q267,HIGH SCHOOL OF APPLIED COMMUNICATION,17.37043
17K352,EBBETS FIELD MIDDLE SCHOOL,8.318442
11X097,P.S. 097 BRONX,13.68085
29Q192,I.S. 192 THE LINDEN,15.77056
11X189,CORNERSTONE ACADEMY FOR SOCIAL ACTION,12.73637
08X305,PABLO NERUDA ACADEMY,10.44756
31R056,P.S. 56 THE LOUIS DESARIO SCHOOL,14.22602
19K677,EAST NEW YORK ELEMENTARY SCHOOL OF EXCELLENCE,12.20009
32K554,ALL CITY LEADERSHIP SECONDARY SCHOOL,22.41176
17K705,BROOKLYN ARTS AND SCIENCE ELEMENTARY SCHOOL,12.32767
09X525,BRONX LEADERSHIP ACADEMY HIGH SCHOOL,18.81818
04M381,GLOBAL NEIGHBORHOOD SECONDARY SCHOOL,7.172413
25Q281,EAST-WEST SCHOOL OF INTERNATIONAL STUDIES,11.9081
19K409,EAST NEW YORK FAMILY ACADEMY,14.35456
04M050,P.S. 050 VITO MARCANTONIO,11.66522
31R020,P.S. 020 PORT RICHMOND,12.58947
21K337,INTERNATIONAL HIGH SCHOOL AT LAFAYETTE,15.1939
02M392,MANHATTAN BUSINESS ACADEMY,13.78609
32K376,P.S. 376,15.00686
03M417,FRANK MCCOURT HIGH SCHOOL,14.37217
06M326,M.S. 326 - WRITERS TODAY & LEADERS TOMORROW,7.993145
02M397,SPRUCE STREET SCHOOL,14.0741
17K006,P.S. 006,14.65564
06M098,P.S. 098 SHORAC KAPPOCK,14.13721
26Q566,"QUEENS HIGH SCHOOL OF TEACHING, LIBERAL ARTS AND THE SCIENCES",19.37931
04M680,"HERITAGE SCHOOL, THE",13.29834
25Q021,P.S. 021 EDWARD HART,17.97661
07X557,MOTT HAVEN COMMUNITY HIGH SCHOOL,12.49512
18K279,P.S. 279 HERMAN SCHREIBER,13.7086
01M539,"NEW EXPLORATIONS INTO SCIENCE, TECHNOLOGY AND MATH HIGH SCHOOL",19.00173
22K109,P.S. 109,14.72122
05M369,URBAN ASSEMBLY SCHOOL FOR THE PERFORMING ARTS,13.74274
13K044,P.S. 044 MARCUS GARVEY,14.24115
21K101,P.S. 101 THE VERRAZANO,14.24362
08X519,"FELISA RINCON DE GAUTIER INSTITUTE FOR LAW AND PUBLIC POLICY, THE",12.13258
28Q182,P.S. 182 SAMANTHA SMITH,14.82176
06M052,J.H.S. 052 INWOOD,14.96153
32K145,P.S. 145 ANDREW JACKSON,14.59539
29Q147,PS/MS 147 RONALD MCNAIR,15.58788
19K502,FDNY HIGH SCHOOL FOR FIRE AND LIFE SAFETY,15.48637
19K452,FREDERICK DOUGLASS ACADEMY VIII MIDDLE SCHOOL,14.35701
06M540,A. PHILIP RANDOLPH CAMPUS HIGH SCHOOL,18.25348
01M064,P.S. 064 ROBERT SIMON,9.304845
32K564,BUSHWICK COMMUNITY HIGH SCHOOL,14.70841
22K139,P.S. 139 ALEXINE A. FENTY,15.47296
28Q080,PS 80 THE THURGOOD MARSHALL MAGNET SCHOOL OF MULTIMEDIA AND COMMUNICATION,13.58093
27Q105,P.S. 105 THE BAY SCHOOL,14.54988
03M084,P.S. 084 LILLIAN WEBER,16.31172
14K582,M.S. 582,12.07716
06M173,P.S. 173,13.78835
01M110,P.S. 110 FLORENCE NIGHTINGALE,14.72584
02M340,SIXTH AVENUE ELEMENTARY SCHOOL,12.24971
09X163,P.S. 163 ARTHUR A. SCHOMBURG,13.25196
11X253,BRONX HIGH SCHOOL FOR WRITING AND COMMUNICATION ARTS,17.25555
02M500,UNITY CENTER FOR URBAN TECHNOLOGIES,19.46868
08X537,BRONX ARENA HIGH SCHOOL,12.19891
30Q070,P.S. 070 QUEENS,16.10005
19K218,J.H.S. 218 JAMES P. SINNOTT,12.49619
02M655,LIFE SCIENCES SECONDARY SCHOOL,14.42356
23K518,KAPPA V,18.12928
10X059,P.S. 059 THE COMMUNITY SCHOOL OF TECHNOLOGY,12.4773
12X273,FREDERICK DOUGLASS ACADEMY V. MIDDLE SCHOOL,12.67928
09X128,MOTT HALL III,15.95454
08X069,P.S. 069 JOURNEY PREP SCHOOL,15.16586
02M139,STEPHEN T. MATHER BUILDING ARTS & CRAFTSMANSHIP HIGH SCHOOL,10.16821
02M225,ELLA BAKER SCHOOL,14.74222
13K670,BENJAMIN BANNEKER ACADEMY,21.78064
30Q148,P.S. 148 QUEENS,16.71834
09X329,DREAMYARD PREPARATORY SCHOOL,13.68823
27Q096,P.S. 096,15.02629
19K174,P.S. 174 DUMONT,9.25
02M002,P.S. 002 MEYER LONDON,11.70623
23K697,TEACHERS PREPARATORY HIGH SCHOOL,13.06747
10X477,MARBLE HILL HIGH SCHOOL FOR INTERNATIONAL STUDIES,15.55199
06M210,P.S./I.S. 210 - TWENTY-FIRST CENTURY ACADEMY FOR COMMUNITY LEADERSHIP,12.09463
02M047,47 THE AMERICAN SIGN LANGUAGE AND ENGLISH SECONDARY SCHOOL,10.60917
05M286,I.S. M286 RENAISSANCE LEADERSHIP ACADEMY,16.25
24Q110,PS 110,15.152
17K533,SCHOOL FOR DEMOCRACY AND LEADERSHIP,10.61538
12X511,BRONX ENVISION ACADEMY,13.26357
24Q311,CORONA ARTS AND SCIENCES ACADEMY,16.42434
08X036,P.S. 036 UNIONPORT,13.62626
06M348,WASHINGTON HEIGHTS EXPEDITIONARY LEARNING SCHOOL,13.51533
14K250,P.S. 250 GEORGE H. LINDSAY,16.48417
24Q012,P.S. 012 JAMES B. COLGATE,16.07748
27Q308,ROBERT H. GODDARD HIGH SCHOOL OF COMMUNICATION ARTS AND TECHNOLOGY,17.55882
24Q290,A.C.E. ACADEMY FOR SCHOLARS AT THE GERALDINE FERRARO CAMPUS,15.6216
10X009,P.S. 9 RYER AVENUE ELEMENTARY SCHOOL,14.46967
10X225,THEATRE ARTS PRODUCTION COMPANY SCHOOL,16.16595
23K137,P.S./I.S. 137 RACHEL JEAN MITCHELL,11.50886
24Q049,P.S. 049 DOROTHY BONAWIT KOLE,17.59049
29Q496,"BUSINESS, COMPUTER APPLICATIONS & ENTREPRENEURSHIP HIGH SCHOOL",10.01081
27Q314,EPIC HIGH SCHOOL - SOUTH,15.8016
13K113,M.S. 113 RONALD EDMONDS LEARNING CENTER,12.2087
17K484,RONALD EDMONDS LEARNING CENTER II,16.875
18K219,P.S. 219 KENNEDY-KING,15.60561
09X457,SHERIDAN ACADEMY FOR YOUNG LEADERS,14.88308
31R024,I.S. 024 MYRA S. BARNES,13.92917
29Q118,P.S. 118 LORRAINE HANSBERRY,16.27508
28Q101,P.S. 101 SCHOOL IN THE GARDENS,16.74412
09X413,BRONX HIGH SCHOOL FOR MEDICAL SCIENCE,13.20356
30Q141,I.S. 141 THE STEINWAY,17.13636
10X032,P.S. 032 BELMONT,12.8989
28Q055,P.S. 055 MAURE,16.77358
02M260,M.S. 260 CLINTON SCHOOL WRITERS & ARTISTS,15.83157
30Q555,NEWCOMERS HIGH SCHOOL,15.42723
20K112,P.S. 112 LEFFERTS PARK,13.8091
21K212,P.S. 212 LADY DEBORAH MOODY,13.47234
30Q286,"YOUNG WOMEN'S LEADERSHIP SCHOOL, ASTORIA",15.78258
11X545,BRONX AEROSPACE HIGH SCHOOL,15.47153
08X125,J.H.S. 125 HENRY HUDSON,13.73156
31R053,P.S. 053 BAY TERRACE,16.57362
21K090,P.S. 90 EDNA COHEN SCHOOL,14.01358
21K288,P.S. 288 THE SHIRLEY TANYHILL,15.41139
30Q502,INFORMATION TECHNOLOGY HIGH SCHOOL,18.82978
30Q361,P.S. 361,12.5677
29Q248,QUEENS PREPARATORY ACADEMY,15.50944
17K334,MIDDLE SCHOOL FOR ACADEMIC AND SOCIAL EXCELLENCE,5.502469
01M142,P.S. 142 AMALIA CASTRO,12.37712
08X075,P.S. 75 SCHOOL OF RESEARCH AND DISCOVERY,15.63049
23K327,P.S. 327 DR. ROSE B. ENGLISH,14.30561
15K024,P.S. 024,11.88979
31R055,P.S. 055 HENRY M. BOEHM,15.67006
02M116,P.S. 116 MARY LINDLEY MURRAY,14.41463
04M171,P.S. 171 PATRICK HENRY,16.23085
19K557,BROOKLYN GARDENS ELEMENTARY SCHOOL,12.8409
09X313,I.S. 313 SCHOOL OF LEADERSHIP DEVELOPMENT,11.2039
12X341,ACCION ACADEMY,11.38452
20K229,P.S. 229 DYKER,18.29182
01M034,P.S. 034 FRANKLIN D. ROOSEVELT,10.92817
04M497,CENTRAL PARK EAST I,13.85737
31R021,P.S. 21 MARGARET EMERY-ELM PARK,13.03766
05M194,P.S. 194 COUNTEE CULLEN,9.511767
03M492,"HIGH SCHOOL FOR LAW, ADVOCACY AND COMMUNITY JUSTICE",14.02636
15K698,SOUTH BROOKLYN COMMUNITY HIGH SCHOOL,14.63636
29Q243,INSTITUTE FOR HEALTH PROFESSIONS AT CAMBRIA HEIGHTS,12.05218
14K016,P.S. 016 LEONARD DUNKLY,13.01639
25Q240,VERITAS ACADEMY,16.44164
08X424,THE HUNTS POINT SCHOOL,9.983172
22K206,P.S. 206 JOSEPH F LAMB,17.26635
28Q072,CATHERINE & COUNT BASIE MIDDLE SCHOOL 72,12.82704
30Q230,I.S. 230,16.2585
10X315,P.S. 315 LAB SCHOOL,14.5
26Q098,P.S. 098 THE DOUGLASTON SCHOOL,12.5229
02M276,BATTERY PARK CITY SCHOOL,14.62857
16K681,MADIBA PREP MIDDLE SCHOOL,8.751284
10X091,P.S. 091 BRONX,14.23112
10X209,P.S. 209,11.33024
21K239,MARK TWAIN I.S. 239 FOR THE GIFTED & TALENTED,18.35927
12X286,FANNIE LOU HAMER MIDDLE SCHOOL,13.66666
32K086,P.S. 086 THE IRVINGTON,14.29213
19K583,MULTICULTURAL HIGH SCHOOL,11.32251
18K637,ACADEMY FOR CONSERVATION AND THE ENVIRONMENT,12.35168
09X117,I.S. 117 JOSEPH H. WADE,12.7499
31R042,P.S. 042 ELTINGVILLE,18.27004
27Q104,P.S. 104 THE BAYS WATER,17.10721
18K567,BROOKLYN THEATRE ARTS HIGH SCHOOL,19.04791
14K031,P.S. 031 SAMUEL F. DUPONT,15.8095
24Q019,P.S. 019 MARINO JEANTET,15.13769
20K186,P.S. 186 DR. IRVING A GLADSTONE,15.95656
20K102,P.S. 102 THE BAYVIEW,16.02887
17K539,HIGH SCHOOL FOR SERVICE & LEARNING AT ERASMUS,18.3993
08X269,BRONX STUDIO SCHOOL FOR WRITERS AND ARTISTS,13.91146
21K209,P.S. 209 MARGARET MEAD,13.72342
20K192,P.S. 192 - THE MAGNET SCHOOL FOR MATH AND SCIENCE INQUIRY,13.5045
10X213,BRONX ENGINEERING AND TECHNOLOGY ACADEMY,15.66314
06M005,P.S. 005 ELLEN LURIE,13.12902
06M311,AMISTAD DUAL LANGUAGE SCHOOL,14.33044
29Q038,P.S. 038 ROSEDALE,14.73681
23K493,BROOKLYN COLLEGIATE: A COLLEGE BOARD SCHOOL,13.50423
02M408,PROFESSIONAL PERFORMING ARTS HIGH SCHOOL,21.391
08X376,ANTONIA PANTOJA PREPARATORY ACADEMY: A COLLEGE BOARD SCHOOL,11.64151
11X019,P.S. 019 JUDITH K. WEISS,16.16926
18K633,HIGH SCHOOL FOR MEDICAL PROFESSIONS,15.38743
20K105,P.S. 105 THE BLYTHEBOURNE,17.31081
28Q048,P.S. 048 WILLIAM WORDSWORTH,14.15301
27Q063,P.S. 063 OLD SOUTH,17.08101
31R600,RALPH R. MCKEE CAREER AND TECHNICAL EDUCATION HIGH SCHOOL,15.25264
10X524,CROTONA INTERNATIONAL HIGH SCHOOL,12.89072
31R038,P.S. 038 GEORGE CROMWELL,13.64936
09X443,THE FAMILY SCHOOL,11.25711
31R031,P.S. 031 WILLIAM T. DAVIS,14.04685
25Q154,P.S. 154 QUEENS,16.63414
02M312,NEW YORK CITY LAB MIDDLE SCHOOL FOR COLLABORATIVE STUDIES,16.15267
17K138,P.S. 138 BROOKLYN,15.23392
12X480,BRONX REGIONAL HIGH SCHOOL,19.2979
08X014,P.S. X014 SENATOR JOHN CALANDRA,14.41301
22K217,P.S. 217 COLONEL DAVID MARCUS SCHOOL,15.46369
16K005,P.S. 005 DR. RONALD MCNAIR,13.94681
03M165,P.S. 165 ROBERT E. SIMON,12.21953
13K616,BROOKLYN HIGH SCHOOL FOR LEADERSHIP AND COMMUNITY SERVICE,14.92857
22K203,P.S. 203 FLOYD BENNETT SCHOOL,15.79551
09X011,P.S. 011 HIGHBRIDGE,13.06261
04M372,ESPERANZA PREPARATORY ACADEMY,10.11679
14K685,EL PUENTE ACADEMY FOR PEACE AND JUSTICE,16.26653
28Q220,P.S. 220 EDWARD MANDEL,15.59762
13K527,URBAN ASSEMBLY INSTITUTE OF MATH AND SCIENCE FOR YOUNG WOMEN,12.98162
03M145,"P.S. 145, THE BLOOMINGDALE SCHOOL",10.32976
29Q052,P.S. 052 QUEENS,15.8535
30Q092,P.S. 092 HARRY T. STEWART SR.,13.67911
32K562,EVERGREEN MIDDLE SCHOOL FOR URBAN EXPLORATION,7.568092
27Q282,KNOWLEDGE AND POWER PREPARATORY ACADEMY VI,18.43148
17K181,P.S. 181 BROOKLYN,13.79558
14K632,FRANCES PERKINS ACADEMY,8.44841
24Q877,THE 51 AVENUE ACADEMY (THE PATH TO ACADEMIC EXCELLENCE),15.16953
02M280,MANHATTAN EARLY COLLEGE SCHOOL FOR ADVERTISING,13.06494
20K179,P.S. 179 KENSINGTON,14.47017
22K315,P.S. K315,15.71765
20K127,P.S. 127 MCKINLEY PARK,14.02463
25Q164,P.S. 164 QUEENS VALLEY,14.11057
09X555,MOUNT EDEN CHILDREN'S ACADEMY,18.09571
25Q219,P.S. 219 PAUL KLAPPER,11.53625
20K748,P.S. 748 BROOKLYN SCHOOL FOR GLOBAL SCHOLARS,16.02564
24Q058,P.S. 58 - THE SCHOOL OF HEROES,16.58514
12X531,ARCHER ELEMENTARY SCHOOL,13.73446
30Q222,P.S. Q222 - FIRE FIGHTER CHRISTOPHER A. SANTORA SCHOOL,14.80359
17K221,P.S. 221 TOUSSAINT L'OUVERTURE,15.79963
02M418,MILLENNIUM HIGH SCHOOL,17.24567
09X230,P.S. 230 DR ROLAND N. PATTERSON,7.361737
22K236,P.S. 236 MILL BASIN,16.40486
25Q184,P.S. 184 FLUSHING MANOR,18.18934
07X018,P.S. 018 JOHN PETER ZENGER,13.01628
17K382,ACADEMY FOR COLLEGE PREPARATION AND CAREER EXPLORATION: A COLLEGE BOARD SCHOOL,14.68348
09X227,BRONX COLLEGIATE ACADEMY,16.33087
30Q122,P.S. 122 MAMIE FAY,18.95532
25Q237,I.S. 237,17.82408
07X495,UNIVERSITY HEIGHTS SECONDARY SCHOOL,22.72727
14K071,JUAN MOREL CAMPOS SECONDARY SCHOOL,10.72579
21K728,LIBERATION DIPLOMA PLUS,19.7
23K165,P.S. 165 IDA POSNER,9.5115
15K429,BROOKLYN SCHOOL FOR GLOBAL STUDIES,10.72731
15K015,P.S. 015 PATRICK F. DALY,9.407476
26Q067,J.H.S. 067 LOUIS PASTEUR,21.33184
18K635,OLYMPUS ACADEMY,10.0625
02M290,P.S. 290 MANHATTAN NEW SCHOOL,16.47615
24Q068,P.S. 068 CAMBRIDGE,15.27794
02M041,P.S. 041 GREENWICH VILLAGE,15.73611
27Q062,P. S. 62 - CHESTER PARK SCHOOL,17.72458
05M410,THE URBAN ASSEMBLY INSTITUTE FOR NEW TECHNOLOGIES,9.922415
02M545,HIGH SCHOOL FOR DUAL LANGUAGE AND ASIAN STUDIES,16.60033
10X264,BRONX ACADEMY FOR SOFTWARE ENGINEERING (BASE),12.63317
06M103,DOS PUENTES ELEMENTARY SCHOOL,15.60147
19K213,P.S. 213 NEW LOTS,14.98048
14K147,P.S. 147 ISAAC REMSEN,12.70002
23K392,I.S. 392,13.44444
03M403,THE GLOBAL LEARNING COLLABORATIVE,13.31236
30Q127,P.S. 127 AEROSPACE SCIENCE MAGNE,14.22584
28Q310,QUEENS COLLEGIATE: A COLLEGE BOARD SCHOOL,13.81347
11X532,BAYCHESTER MIDDLE SCHOOL,11.95833
30Q212,P.S. 212,15.88755
04M406,GLOBAL TECHNOLOGY PREPARATORY,14.4119
06M349,HARBOR HEIGHTS,12.45454
13K575,BEDFORD STUYVESANT PREPARATORY HIGH SCHOOL,14.0
15K656,BROOKLYN HIGH SCHOOL OF THE ARTS,16.31653
12X134,P.S. 134 GEORGE F. BRISTOW,17.50995
03M185,P.S. 185 - THE EARLY CHILDHOOD DISCOVERY AND DESIGN MAGNET SCHOOL,13.21779
15K169,P.S. 169 SUNSET PARK,15.42665
08X335,THE ACADEMY OF THE ARTS,13.03363
27Q273,P.S. 273,13.62831
31R440,NEW DORP HIGH SCHOOL,17.02062
24Q087,P.S. / I.S. 087 MIDDLE VILLAGE,11.85779
17K249,P.S. 249 THE CATON,16.8714
31R061,I.S. 061 WILLIAM A MORRIS,14.88841
07X296,SOUTH BRONX ACADEMY FOR APPLIED MEDIA,15.24047
10X094,P.S. 094 KINGS COLLEGE SCHOOL,12.3297
06M293,CITY COLLEGE ACADEMY OF THE ARTS,15.66543
29Q135,THE BELLAIRE SCHOOL,16.68667
22K014,J.H.S. 014 SHELL BANK,12.83783
07X298,ACADEMY OF PUBLIC RELATIONS,10.63624
01M292,HENRY STREET SCHOOL FOR INTERNATIONAL STUDIES,8.894736
16K081,P.S. 081 THADDEUS STEVENS,11.47772
10X696,HIGH SCHOOL OF AMERICAN STUDIES AT LEHMAN COLLEGE,14.76
22K611,ORIGINS HIGH SCHOOL,14.38893
20K310,THE SCHOOL FOR FUTURE LEADERS,13.92026
29Q134,P.S. 134 HOLLIS,12.9607
08X377,BRONX COMMUNITY HIGH SCHOOL,11.1067
03M452,P.S. 452,13.86096
21K100,P.S. 100 THE CONEY ISLAND SCHOOL,16.78254
11X567,LINDEN TREE ELEMENTARY SCHOOL,16.86666
11X483,P.S. 483,14.33333
24Q071,P.S. 071 FOREST,13.96812
14K084,P.S. 084 JOSE DE DIEGO,10.36941
11X289,THE YOUNG SCHOLARS ACADEMY OF THE BRONX,12.0299
15K010,"MAGNET SCHOOL OF MATH, SCIENCE AND DESIGN TECHNOLOGY",14.9822
04M375,MOSAIC PREPARATORY ACADEMY,10.33998
19K422,SPRING CREEK COMMUNITY SCHOOL,11.7037
25Q244,THE ACTIVE LEARNING ELEMENTARY SCHOOL,16.27084
31R063,MARSH AVENUE SCHOOL FOR EXPEDITIONARY LEARNING,15.06962
09X311,LUCERO ELEMENTARY SCHOOL,13.10946
10X439,BRONX HIGH SCHOOL FOR LAW AND COMMUNITY SERVICE,14.44412
27Q309,ACADEMY OF MEDICAL TECHNOLOGY: A COLLEGE BOARD SCHOOL,12.79002
07X259,"H.E.R.O. HIGH (HEALTH, EDUCATION, AND RESEARCH OCCUPATIONS HIGH SCHOOL)",12.55032
13K056,P.S. 056 LEWIS H. LATIMER,11.77636
31R450,CURTIS HIGH SCHOOL,18.46422
08X302,M.S. 302 LUISA DESSUS CRUZ,12.54886
10X447,CRESTON ACADEMY,14.35229
20K223,J.H.S. 223 THE MONTAUK,14.86578
15K094,P.S. 094 THE HENRY LONGFELLOW,16.41604
06M143,J.H.S. 143 ELEANOR ROOSEVELT,12.32333
28Q160,P.S. 160 WALTER FRANCIS BISHOP,15.31539
08X333,P.S. 333 - THE MUSEUM SCHOOL,14.14542
29Q035,P.S. 035 NATHANIEL WOODHULL,16.1284
20K185,P.S. 185 WALTER KASSENBROCK,16.96718
12X195,P.S. 195,15.49911
09X063,P.S. 063 AUTHOR'S ACADEMY,13.10912
26Q018,P.S. 018 WINCHESTER,16.85337
07X161,P.S. 161 PONCE DE LEON,13.8608
14K157,P.S./I.S. 157 THE BENJAMIN FRANKLIN HEALTH & SCIENCE ACADEMY,11.62504
27Q253,P.S. 253,13.88957
12X047,P.S. 047 JOHN RANDOLPH,15.36858
08X432,BRONX BRIDGES HIGH SCHOOL,12.00871
18K673,EAST BROOKLYN COMMUNITY HIGH SCHOOL,22.5
09X114,P.S. X114 - LUIS LLORENS TORRES SCHOOLS,15.40832
01M450,EAST SIDE COMMUNITY SCHOOL,14.47985
16K455,BOYS AND GIRLS HIGH SCHOOL,10.39978
31R027,I.S. 027 ANNING S. PRALL,15.48653
09X199,P.S. 199X - THE SHAKESPEARE SCHOOL,15.13148
02M575,MANHATTAN COMPREHENSIVE NIGHT AND DAY HIGH SCHOOL,18.375
18K272,P.S. 272 CURTIS ESTABROOK,13.02301
12X521,THE METROPOLITAN SOUNDVIEW HIGH SCHOOL,13.36729
29Q059,I.S. 059 SPRINGFIELD GARDENS,17.01059
02M420,HIGH SCHOOL FOR HEALTH PROFESSIONS AND HUMAN SERVICES,18.99143
25Q025,I.S. 025 ADRIEN BLOCK,21.95182
21K253,P.S. 253,14.2447
09X252,MOTT HALL BRONX HIGH SCHOOL,15.40463
15K130,P.S. 130 THE PARKSIDE,15.08655
17K770,P.S. 770 NEW AMERICAN ACADEMY,14.69862
15K497,SCHOOL FOR INTERNATIONAL STUDIES,14.36654
02M531,REPERTORY COMPANY HIGH SCHOOL FOR THEATRE ARTS,17.8113
08X282,WOMEN'S ACADEMY OF EXCELLENCE,13.60846
21K225,P.S. K225 - THE EILEEN E. ZAGLIN,14.75
11X153,P.S. 153 HELEN KELLER,15.52788
16K534,UPPER SCHOOL @ P.S. 25,7.912087
10X081,P.S. 081 ROBERT J. CHRISTEN,14.70454
13K009,P.S. 009 TEUNIS G. BERGEN,18.99028
12X479,BRONX CAREER AND COLLEGE PREPARATORY HIGH SCHOOL,11.53074
27Q362,WAVE PREPARATORY ELEMENTARY SCHOOL,13.8969
28Q121,P.S. 121 QUEENS,17.4242
12X384,ENTRADA ACADEMY,12.80765
04M964,CENTRAL PARK EAST II,11.30248
22K277,P.S. 277 GERRITSEN BEACH,14.14146
18K566,BROOKLYN GENERATION SCHOOL,11.0698
27Q137,M.S. 137 AMERICA'S SCHOOL OF HEROES,17.44347
31R016,P.S. 016 JOHN J. DRISCOLL,13.16729
16K035,M.S. 035 STEPHEN DECATUR,14.17786
15K463,SECONDARY SCHOOL FOR JOURNALISM,12.87095
09X058,P.S. 058,14.96645
03M243,M.S. 243 CENTER SCHOOL,15.94707
10X207,P.S. 207,13.57906
11X180,M.S. 180 DR. DANIEL HALE WILLIAMS,16.46384
21K303,I.S. 303 HERBERT S. EISENBERG,14.95619
28Q312,JAMAICA CHILDREN'S SCHOOL,10.0
05M302,KAPPA IV,11.37964
09X170,P.S. 170,14.38278
11X275,HIGH SCHOOL OF COMPUTERS AND TECHNOLOGY,16.73709
19K224,P.S. 224 HALE A. WOODRUFF,16.22812
08X130,P.S. 130 ABRAM STEVENS HEWITT,12.88292
16K385,"SCHOOL OF BUSINESS, FINANCE AND ENTREPRENEURSHIP",6.867775
28Q686,QUEENS METROPOLITAN HIGH SCHOOL,14.9595
04M108,P.S. 108 ASSEMBLYMAN ANGELO DEL TORO EDUCATIONAL COMPLEX,13.39163
03M245,M.S. M245 THE COMPUTER SCHOOL,16.33919
31R013,P.S. 013 M. L. LINDEMEYER,14.99677
11X016,P.S. 016 WAKEFIELD,13.18563
07X025,P.S. 025 BILINGUAL SCHOOL,11.64569
11X105,P.S. 105 SEN ABRAHAM BERNSTEIN,14.06902
27Q323,SCHOLARS' ACADEMY,20.24058
09X064,P.S. 064 PURA BELPRE,9.634496
24Q293,CIVIC LEADERSHIP ACADEMY,15.18671
17K241,P.S. 241 EMMA L. JOHNSTON,14.45036
29Q270,THE GORDON PARKS SCHOOL,16.52061
20K506,P.S. 506: THE SCHOOL OF JOURNALISM & TECHNOLOGY,14.26023
31R041,P.S. 041 NEW DORP,15.79276
26Q173,P.S. 173 FRESH MEADOWS,17.02881
24Q081,P.S. 81Q JEAN PAUL RICHTER,13.66935
05M036,P.S. 036 MARGARET DOUGLAS,12.12952
27Q226,J.H.S. 226 VIRGIL I. GRISSOM,18.97378
29Q037,CYNTHIA JENKINS SCHOOL,14.1909
06M322,MIDDLE SCHOOL 322,10.20177
09X073,P.S. 073 BRONX,15.41601
26Q178,P.S./ IS 178 HOLLISWOOD,16.66233
13K419,"SCIENCE SKILLS CENTER HIGH SCHOOL FOR SCIENCE, TECHNOLOGY AND THE CREATIVE ARTS",15.70721
12X217,SCHOOL OF PERFORMING ARTS,10.09882
19K661,VISTA ACADEMY,16.58981
06M209,HAMILTON GRANGE MIDDLE SCHOOL,15.5238
04M112,P.S. 112 JOSE CELSO BARBOSA,6.580088
12X067,P.S. 067 MOHEGAN SCHOOL,13.53627
03M075,P.S. 075 EMILY DICKINSON,9.871875
11X111,P.S. 111 SETON FALLS,14.59125
03M307,"URBAN ASSEMBLY SCHOOL FOR MEDIA STUDIES, THE",15.01495
19K662,LIBERTY AVENUE MIDDLE SCHOOL,13.90112
02M135,THE URBAN ASSEMBLY SCHOOL FOR EMERGENCY MANAGEMENT,10.73158
24Q089,P.S. 089 ELMHURST,16.55075
02M475,STUYVESANT HIGH SCHOOL,21.04118
02M580,RICHARD R. GREEN HIGH SCHOOL OF TEACHING,15.2647
02M400,HIGH SCHOOL FOR ENVIRONMENTAL STUDIES,17.9061
27Q207,P.S. 207 ROCKWOOD PARK,10.13384
10X095,P.S. 095 SHEILA MENCHER,14.9798
10X228,JONAS BRONCK ACADEMY,13.84225
02M198,P.S. 198 ISADOR E. IDA STRAUS,14.34087
27Q197,P.S. 197 THE OCEAN SCHOOL,13.372
28Q167,METROPOLITAN EXPEDITIONARY LEARNING SCHOOL,12.63322
28Q144,P.S. 144 COL JEROMUS REMSEN,16.64187
30Q085,P.S. 085 JUDGE CHARLES VALLONE,16.7372
27Q475,RICHMOND HILL HIGH SCHOOL,14.50464
12X050,P.S. 050 CLARA BARTON,5.32666
27Q324,ROCKAWAY PARK HIGH SCHOOL FOR ENVIRONMENTAL SUSTAINABILITY,14.15644
02M570,SATELLITE ACADEMY HIGH SCHOOL,16.85874
30Q171,P.S. 171 PETER G. VAN ALST,14.125
08X367,"ARCHIMEDES ACADEMY FOR MATH, SCIENCE AND TECHNOLOGY APPLICATIONS",13.36262
10X445,BRONX HIGH SCHOOL OF SCIENCE,21.4002
08X119,P.S. 119,15.00274
10X077,BEDFORD PARK ELEMENTARY SCHOOL,15.92375
17K353,ELIJAH STROUD MIDDLE SCHOOL,11.2041
09X294,THE WALTON AVENUE SCHOOL,12.9
30Q300,THE 30TH AVENUE SCHOOL (G&T CITYWIDE),18.24222
11X370,SCHOOL OF DIPLOMACY,11.49884
02M033,P.S. 033 CHELSEA PREP,17.33746
04M037,RIVER EAST ELEMENTARY,11.39736
07X029,P.S./M.S. 029 MELROSE SCHOOL,12.16523
10X308,BRONX DANCE ACADEMY SCHOOL,13.70294
14K477,SCHOOL FOR LEGAL STUDIES,14.13744
12X242,MOTT HALL V,12.71589
24Q560,"ROBERT F. WAGNER, JR. SECONDARY SCHOOL FOR ARTS AND TECHNOLOGY",17.96986
12X684,WINGS ACADEMY,15.64572
11X108,P.S. 108 PHILIP J. ABINANTI,13.82492
11X096,P.S. 096 RICHARD RODGERS,14.39537
31R064,GAYNOR MCCOWN EXPEDITIONARY LEARNING SCHOOL,13.40553
08X100,P.S. 100 ISAAC CLASON,14.78029
02M006,P.S. 006 LILLIE D. BLAKE,17.48943
10X433,HIGH SCHOOL FOR TEACHING AND THE PROFESSIONS,13.71536
07X381,BRONX HAVEN HIGH SCHOOL,12.24375
17K528,THE HIGH SCHOOL FOR GLOBAL CITIZENSHIP,16.6283
16K393,FREDERICK DOUGLASS ACADEMY IV SECONDARY SCHOOL,6.724687
01M063,THE STAR ACADEMY - P.S.63,10.58844
07X031,P.S./M.S. 031 THE WILLIAM LLOYD GARRISON,13.86783
16K040,P.S. 040 GEORGE W. CARVER,14.33734
26Q074,J.H.S. 074 NATHANIEL HAWTHORNE,18.03861
03M291,WEST END SECONDARY SCHOOL OF URBAN STUDIES,14.31578
17K340,I.S. 340,15.5299
25Q252,"QUEENS SCHOOL OF INQUIRY, THE",12.77505
11X290,BRONX ACADEMY OF HEALTH CAREERS,16.95213
06M153,P.S. 153 ADAM CLAYTON POWELL,16.08589
02M439,MANHATTAN VILLAGE ACADEMY,16.60057
32K552,ACADEMY OF URBAN PLANNING,11.47955
24Q485,GROVER CLEVELAND HIGH SCHOOL,16.92487
07X065,P.S. 065 MOTHER HALE ACADEMY,11.89167
22K119,P.S. 119 AMERSFORT,14.41018
04M224,M.S. 224 MANHATTAN EAST SCHOOL FOR ARTS & ACADEMICS,12.69784
10X459,EAST FORDHAM ACADEMY FOR THE ARTS,12.08106
20K220,J.H.S. 220 JOHN J. PERSHING,14.82736
27Q202,J.H.S. 202 ROBERT H. GODDARD,18.33253
09X241,"URBAN ASSEMBLY SCHOOL FOR APPLIED MATH AND SCIENCE, THE",11.4074
18K235,P.S. 235 LENOX SCHOOL,18.36457
12X150,P.S. 150 CHARLES JAMES FOX,15.44786
25Q120,P.S. 120 QUEENS,18.23312
27Q114,P.S. / M.S. 114 BELLE HARBOR,13.69039
31R861,STATEN ISLAND SCHOOL OF CIVIC LEADERSHIP,15.02055
19K089,P.S. 089 CYPRESS HILLS,11.8639
25Q193,P.S. 193 ALFRED J. KENNEDY,16.48813
26Q221,P.S. 221 THE NORTH HILLS SCHOOL,16.97612
07X001,P.S. 001 COURTLANDT SCHOOL,13.32087
14K614,YOUNG WOMEN'S LEADERSHIP SCHOOL OF BROOKLYN,12.51063
01M315,THE EAST VILLAGE COMMUNITY SCHOOL,12.34388
29Q283,PREPARATORY ACADEMY FOR WRITERS: A COLLEGE BOARD SCHOOL,18.58698
07X049,P.S. 049 WILLIS AVENUE,12.05539
14K610,AUTOMOTIVE HIGH SCHOOL,11.24568
09X276,LEADERSHIP INSTITUTE,10.83547
25Q169,P.S. 169 BAY TERRACE,14.93544
17K524,INTERNATIONAL HIGH SCHOOL AT PROSPECT HEIGHTS,13.47008
20K490,FORT HAMILTON HIGH SCHOOL,21.4341
15K442,M.S. 442 CARROLL GARDENS SCHOOL FOR INNOVATION,8.350746
12X458,SAMARA COMMUNITY SCHOOL,19.0
05M030,P.S. 030 HERNANDEZ/HUGHES,7.365131
07X221,SOUTH BRONX PREPARATORY: A COLLEGE BOARD SCHOOL,13.90608
09X328,NEW MILLENNIUM BUSINESS ACADEMY MIDDLE SCHOOL,12.02422
28Q161,P.S. 161 ARTHUR ASHE SCHOOL,15.00549
06M528,I.S. 528 BEA FULLER RODGERS SCHOOL,14.38216
19K149,P.S. 149 DANNY KAYE,19.17492
05M197,P.S. 197 JOHN B. RUSSWURM,10.11212
25Q540,QUEENS ACADEMY HIGH SCHOOL,18.45454
25Q425,JOHN BOWNE HIGH SCHOOL,18.48484
20K204,P.S. 204 VINCE LOMBARDI,16.1128
06M278,PAULA HEDBAVNY SCHOOL,16.65573
04M495,PARK EAST HIGH SCHOOL,13.84902
06M187,P.S./I.S. 187 HUDSON CLIFFS,17.62104
02M003,P.S. 003 CHARRETTE SCHOOL,15.6433
11X287,THE FORWARD SCHOOL,17.9197
23K647,METROPOLITAN DIPLOMA PLUS HIGH SCHOOL,12.81444
09X004,P.S./M.S. 004 CROTONA PARK WEST,13.22164
14K319,P.S. 319,12.91025
02M507,URBAN ASSEMBLY GATEWAY SCHOOL FOR TECHNOLOGY,14.05031
12X214,P.S. 214,15.54705
23K643,BROOKLYN DEMOCRACY ACADEMY,13.92857
27Q053,M.S. 053 BRIAN PICCOLO,12.93706
09X232,I.S. 232,17.46096
18K244,P.S. 244 RICHARD R. GREEN,10.37348
31R022,P.S. 022 GRANITEVILLE,18.01864
23K514,FREDERICK DOUGLASS ACADEMY VII HIGH SCHOOL,13.09732
08X375,THE BRONX MATHEMATICS PREPARATORY SCHOOL,12.65131
19K618,ACADEMY OF INNOVATIVE TECHNOLOGY,10.13959
07X547,NEW EXPLORERS HIGH SCHOOL,13.42957
19K663,SCHOOL OF THE FUTURE BROOKLYN,10.06808
32K377,P.S. 377 ALEJANDRINA B. DE GAUTIER,14.2655
14K322,FOUNDATIONS ACADEMY,5.478418
11X481,P.S. 481,14.13297
05M046,P.S. 046 ARTHUR TAPPAN,13.57413
19K007,P.S. 007 ABRAHAM LINCOLN,14.86666
26Q430,FRANCIS LEWIS HIGH SCHOOL,18.38638
24Q007,P.S. 007 LOUIS F. SIMEONE,15.65573
31R051,I.S. 051 EDWIN MARKHAM,15.56847
09X219,I.S. 219 NEW VENTURE SCHOOL,11.21727
26Q046,P.S. 046 ALLEY POND,12.09492
08X530,BANANA KELLY HIGH SCHOOL,9.2957
07X223,M.S. 223 THE LABORATORY SCHOOL OF FINANCE AND TECHNOLOGY,13.15923
09X297,MORRIS ACADEMY FOR COLLABORATIVE STUDIES,12.69181
29Q156,P.S. 156 LAURELTON,11.46087
13K596,MS 596 PEACE ACADEMY,6.407774
30Q580,BACCALAUREATE SCHOOL FOR GLOBAL EDUCATION,15.99229
05M318,THURGOOD MARSHALL ACADEMY LOWER SCHOOL,15.13506
03M859,SPECIAL MUSIC SCHOOL,14.00468
16K262,P.S. 262 EL HAJJ MALIK EL SHABAZZ ELEMENTARY SCHOOL,14.44337
10X007,MILTON FEIN SCHOOL,16.2893
22K269,P.S. 269 NOSTRAND,16.86921
12X251,EXPLORATIONS ACADEMY,13.00333
26Q203,P.S. 203 OAKLAND GARDENS,19.70685
10X284,BRONX SCHOOL OF LAW AND FINANCE,15.60507
21K559,LIFE ACADEMY HIGH SCHOOL FOR FILM AND MUSIC,15.03916
06M048,P.S. 048 P.O. MICHAEL J. BUCZEK,12.94501
22K255,P.S. 255 BARBARA REING SCHOOL,13.37968
26Q415,BENJAMIN N. CARDOZO HIGH SCHOOL,24.39677
26Q213,P.S. 213 THE CARL ULLMAN SCHOOL,15.96179
08X349,BRONX RIVER HIGH SCHOOL,13.33333
24Q211,ELM TREE ELEMENTARY SCHOOL,11.78947
02M520,MURRY BERGTRAUM HIGH SCHOOL FOR BUSINESS CAREERS,14.0888
06M463,HIGH SCHOOL FOR MEDIA AND COMMUNICATIONS,15.91552
27Q254,P.S. 254 - THE ROSA PARKS SCHOOL,16.27659
03M421,WEST PREP ACADEMY,14.11422
11X106,P.S. 106 PARKCHESTER,16.16322
31R069,P.S. 069 DANIEL D. TOMPKINS,10.42267
30Q235,ACADEMY FOR NEW AMERICANS,12.5
09X404,SCHOOL FOR EXCELLENCE,16.63289
19K311,ESSENCE SCHOOL,9.736842
02M459,MANHATTAN INTERNATIONAL HIGH SCHOOL,17.19226
31R460,SUSAN E. WAGNER HIGH SCHOOL,19.48841
18K208,P.S. 208 ELSA EBELING,17.96116
14K330,THE SCHOOL FOR THE URBAN ENVIRONMENT,25.0
10X024,P.S. 024 SPUYTEN DUYVIL,16.76713
08X332,HOLCOMBE L. RUCKER SCHOOL OF COMMUNITY RESEARCH,10.86362
05M161,P.S. 161 PEDRO ALBIZU CAMPOS,12.53234
03M541,MANHATTAN / HUNTER SCIENCE HIGH SCHOOL,17.37254
29Q208,P.S. / I.S. 208,14.67503
04M146,P.S. 146 ANN M. SHORT,11.97166
01M361,THE CHILDREN'S WORKSHOP SCHOOL,12.4947
16K308,P.S. 308 CLARA CARDWELL,11.57692
21K344,RACHEL CARSON HIGH SCHOOL FOR COASTAL STUDIES,16.61764
22K312,P.S. 312 BERGEN BEACH,15.9986
02M376,NYC ISCHOOL,16.34433
25Q020,P.S. 020 JOHN BOWNE,17.06577
22K535,LEON M. GOLDSTEIN HIGH SCHOOL FOR THE SCIENCES,18.69514
05M200,P.S. 200- THE JAMES MCCUNE SMITH SCHOOL,12.31511
15K001,P.S. 001 THE BERGEN,13.4427
13K265,DR. SUSAN S. MCKINNEY SECONDARY SCHOOL OF THE ARTS,13.60606
02M527,PS 527 - EAST SIDE SCHOOL FOR SOCIAL ACTION,14.4375
01M345,"COLLABORATIVE ACADEMY OF SCIENCE, TECHNOLOGY, & LANGUAGE-ARTS EDUCATION",7.389223
25Q194,J.H.S. 194 WILLIAM CARR,17.34902
21K572,EXPEDITIONARY LEARNING SCHOOL FOR COMMUNITY LEADERS,11.96544
16K627,BRIGHTER CHOICE COMMUNITY SCHOOL,19.81505
02M519,TALENT UNLIMITED HIGH SCHOOL,17.08961
10X159,P.S. 159 LUIS MUNOZ MARIN BILING,11.82352
15K058,P.S. 058 THE CARROLL,16.38914
04M435,MANHATTAN CENTER FOR SCIENCE AND MATHEMATICS,21.77032
09X543,HIGH SCHOOL FOR VIOLIN AND DANCE,15.41081
16K026,P.S. 026 JESSE OWENS,11.52715
31R030,P.S. 030 WESTERLEIGH,14.87987
06M028,P.S. 028 WRIGHT BROTHERS,12.01819
11X041,P.S. 041 GUN HILL ROAD,16.01673
09X236,P.S. 236 LANGSTON HUGHES,12.0819
13K256,P.S. 256 BENJAMIN BANNEKER,13.70445
24Q093,I.S. 093 RIDGEWOOD,14.85821
12X316,KAPPA III,15.61966
11X087,P.S. 087 BRONX,17.43325
19K504,HIGH SCHOOL FOR CIVIL RIGHTS,14.4935
31R018,P.S. 018 JOHN G. WHITTIER,12.56215
28Q008,J.H.S. 008 RICHARD S. GROSSLEY,11.44998
32K549,BUSHWICK SCHOOL FOR SOCIAL JUSTICE,12.51724
31R034,I.S. 034 TOTTENVILLE,17.12267
06M132,P.S. 132 JUAN PABLO DUARTE,12.07388
30Q166,P.S. 166 HENRY GRADSTEIN,17.4145
09X126,P.S. 126 DR MARJORIE H DUNBAR,14.89669
30Q111,P.S. 111 JACOB BLACKWELL,9.16657
09X028,P.S. 028 MOUNT HOPE,14.65517
24Q091,P.S. 091 RICHARD ARKWRIGHT,15.13477
02M419,LANDMARK HIGH SCHOOL,14.34392
15K464,PARK SLOPE COLLEGIATE,14.42047
19K325,THE FRESH CREEK SCHOOL,15.89688
29Q033,P.S. 033 EDWARD M. FUNK,18.74391
10X310,P.S. 310 MARBLE HILL,14.4916
25Q792,NORTH QUEENS COMMUNITY HIGH SCHOOL,14.32026
16K765,NELSON MANDELA HIGH SCHOOL,13.8116
04M096,P.S. 096 JOSEPH LANZETTA,13.55338
31R035,P.S. 35 THE CLOVE VALLEY SCHOOL,16.34452
03M250,M.S. 250 WEST SIDE COLLABORATIVE MIDDLE SCHOOL,14.22251
17K375,P.S. 375 JACKIE ROBINSON SCHOOL,12.53226
04M007,P.S. 007 SAMUEL STERN,13.01983
18K211,I.S. 211 JOHN WILSON,15.38393
23K156,P.S. 156 WAVERLY,13.71389
09X145,J.H.S. 145 ARTURO TOSCANINI,11.21865
13K020,P.S. 020 CLINTON HILL,15.87155
24Q199,P.S. 199 MAURICE A. FITZGERALD,16.10729
09X229,I.S. 229 ROLAND PATTERSON,8.874311
09X350,NEW DIRECTIONS SECONDARY SCHOOL,10.39186
28Q284,YORK EARLY COLLEGE ACADEMY,17.21343
03M149,P.S. 149 SOJOURNER TRUTH,10.61736
12X061,P.S. 061 FRANCISCO OLLER,15.21162
17K191,P.S. 191 PAUL ROBESON,12.92307
01M378,SCHOOL FOR GLOBAL LEADERS,11.7743
03M054,J.H.S. 054 BOOKER T. WASHINGTON,18.14251
23K155,P.S./ I.S. 155 NICHOLAS HERKIMER,14.87223
02M438,INTERNATIONAL HIGH SCHOOL AT UNION SQUARE,12.74671
02M442,"BALLET TECH, NYC PUBLIC SCHOOL FOR DANCE",16.17021
02M560,HIGH SCHOOL M560 - CITY AS SCHOOL,17.13811
24Q119,I.S. 119 THE GLENDALE,17.88917
07X224,P.S. / I.S. 224,14.58641
09X303,I.S. X303 LEADERSHIP & COMMUNITY SERVICE,12.67243
02M011,P.S. 011 WILLIAM T. HARRIS,15.0206
30Q150,P.S. 150 QUEENS,17.99806
09X110,P.S. 110 THEODORE SCHOENFELD,14.38591
04M038,P.S. 38 ROBERTO CLEMENTE,9.947407
04M182,THE BILINGUAL BICULTURAL SCHOOL,13.60776
31R023,P.S. 023 RICHMONDTOWN,13.71347
20K180,THE SEEALL ACADEMY,13.91725
06M423,HIGH SCHOOL FOR EXCELLENCE AND INNOVATION,10.47368
07X527,BRONX LEADERSHIP ACADEMY II HIGH SCHOOL,14.50026
10X565,HIGH SCHOOL FOR ENERGY AND TECHNOLOGY,12.62808
15K146,P.S. 146,13.66908
08X152,P.S. 152 EVERGREEN,13.85115
27Q042,P.S./M.S 042 R. VERNAM,12.63045
11X288,COLLEGIATE INSTITUTE FOR MATH AND SCIENCE,17.28579
15K592,KHALIL GIBRAN INTERNATIONAL ACADEMY,9.952089
25Q129,P.S. 129 PATRICIA LARKIN,15.11492
09X274,THE NEW AMERICAN ACADEMY AT ROBERTO CLEMENTE STATE PARK,17.30491
19K013,P.S. 013 ROBERTO CLEMENTE,16.40392
02M288,FOOD AND FINANCE HIGH SCHOOL,14.05933
30Q258,ENERGY TECH HIGH SCHOOL,12.46049
13K492,ACADEMY OF ARTS AND LETTERS,17.12854
09X215,KAPPA,14.30995
31R003,P.S. 003 THE MARGARET GIOIOSA SCHOOL,16.83799
06M218,I.S. 218 SALOME URENA,9.536118
06M008,P.S. 008 LUIS BELLIARD,13.98729
06M513,CASTLE BRIDGE SCHOOL,11.80461
08X101,M.S. X101 EDWARD R. BYRNE,13.9691
05M285,HARLEM RENAISSANCE HIGH SCHOOL,13.33349
11X272,GLOBE SCHOOL FOR ENVIRONMENTAL RESEARCH,10.73874
01M134,P.S. 134 HENRIETTA SZOLD,9.823008
30Q204,I.S. 204 OLIVER W. HOLMES,12.44133
19K108,P.S. 108 SAL ABBRACCIAMENTO,14.74525
10X054,P.S. / I.S. 54,15.59889
05M125,P.S. 125 RALPH BUNCHE,16.07956
13K553,BROOKLYN ACADEMY HIGH SCHOOL,14.73422
16K584,M.S. 584,8.354307
21K128,P.S. 128 BENSONHURST,13.29045
32K545,EBC HIGH SCHOOL FOR PUBLIC SERVICE - BUSHWICK,15.04908
09X088,P.S. X088 - S. SILVERSTEIN LITTLE SPARROW SCHOOL,11.53333
27Q124,P.S. 124 OSMOND A CHURCH,17.42951
24Q744,VOYAGES PREPARATORY,14.4215
21K468,KINGSBOROUGH EARLY COLLEGE SCHOOL,14.6588
12X129,M.S. 129 ACADEMY FOR INDEPENDENT LEARNING AND LEADERSHIP,14.39286
22K326,P.S. 326,12.90248
09X449,GRANT AVENUE ELEMENTARY SCHOOL,12.75471
06M178,PROFESSOR JUAN BOSCH PUBLIC SCHOOL,12.13213
26Q115,P.S. 115 GLEN OAKS,16.6125
20K062,J.H.S. 062 DITMAS,13.99825
08X448,SOUNDVIEW ACADEMY FOR CULTURE AND SCHOLARSHIP,12.35181
29Q272,GEORGE WASHINGTON CARVER HIGH SCHOOL FOR THE SCIENCES,18.24689
17K600,CLARA BARTON HIGH SCHOOL,15.16146
09X454,SCIENCE AND TECHNOLOGY ACADEMY: A MOTT HALL SCHOOL,12.01025
29Q116,PS/IS 116 WILLIAM C. HUGHLEY,13.70318
31R052,P.S. 052 JOHN C. THOMPSON,14.06556
03M334,THE ANDERSON SCHOOL,21.16021
26Q495,BAYSIDE HIGH SCHOOL,20.3447
26Q159,P.S. 159,17.98815
29Q036,P.S. 036 SAINT ALBANS SCHOOL,15.11647
17K590,MEDGAR EVERS COLLEGE PREPARATORY SCHOOL,20.44368
20K187,THE CHRISTA MCAULIFFE SCHOOL\I.S. 187,19.31212
17K289,P.S. 289 GEORGE V. BROWER,12.69955
22K278,J.H.S. 278 MARINE PARK,12.42536
10X045,THOMAS C. GIORDANO MIDDLE SCHOOL 45,14.34105
02M416,ELEANOR ROOSEVELT HIGH SCHOOL,16.72912
12X098,J.H.S. 098 HERMAN RIDDER,10.11764
01M448,UNIVERSITY NEIGHBORHOOD HIGH SCHOOL,13.52
32K274,P.S. 274 KOSCIUSKO,15.93398
10X344,AMPARK NEIGHBORHOOD,18.52674
30Q011,P.S. 011 KATHRYN PHELAN,15.64104
02M543,NEW DESIGN HIGH SCHOOL,11.5468
26Q031,P.S. 031 BAYSIDE,14.81595
04M083,P.S. 083 LUIS MUNOZ RIVERA,15.22087
16K636,YOUNG SCHOLARS' ACADEMY FOR DISCOVERY AND EXPLORATION,16.69942
24Q239,P.S. 239,13.86645
02M255,M.S. 255 SALK SCHOOL OF SCIENCE,16.20696
28Q350,JAMAICA GATEWAY TO THE SCIENCES,16.75834
18K285,I.S. 285 MEYER LEVIN,13.15482
14K488,BROOKLYN PREPARATORY HIGH SCHOOL,14.97358
11X078,P.S. 078 ANNE HUTCHINSON,15.05474
13K301,SATELLITE EAST MIDDLE SCHOOL,7.559293
14K050,J.H.S. 050 JOHN D. WELLS,12.02404
10X549,DISCOVERY HIGH SCHOOL,18.95833
12X383,EMOLIOR ACADEMY,15.0
02M305,"URBAN ASSEMBLY ACADEMY OF GOVERNMENT AND LAW, THE",13.29172
32K349,"I.S. 349 MATH, SCIENCE & TECH.",11.77841
31R058,SPACE SHUTTLE COLUMBIA SCHOOL,16.05378
11X542,PELHAM PREPARATORY ACADEMY,19.6045
01M458,FORSYTH SATELLITE ACADEMY,16.93144
17K122,PATHWAYS IN TECHNOLOGY EARLY COLLEGE HIGH SCHOOL (P-TECH),19.8428
31R007,I.S. 007 ELIAS BERNSTEIN,16.32061
17K167,P.S. 167 THE PARKWAY,6.714285
07X343,ACADEMY OF APPLIED MATHEMATICS AND TECHNOLOGY,17.22887
04M610,YOUNG WOMEN'S LEADERSHIP SCHOOL,15.58477
17K398,P.S. 398 WALTER WEAVER,12.94495
19K202,P.S. 202 ERNEST S. JENKYNS,14.50999
09X403,BRONX INTERNATIONAL HIGH SCHOOL,13.3847
12X478,THE CINEMA SCHOOL,14.97679
29Q295,P.S./I.S. 295,16.01455
14K297,P.S. 297 ABRAHAM STOCKTON,12.50053
20K069,P.S. 69 VINCENT D. GRIPPO SCHOOL,14.48694
18K629,CULTURAL ACADEMY FOR THE ARTS AND SCIENCES,13.33312
02M316,"URBAN ASSEMBLY SCHOOL OF BUSINESS FOR YOUNG WOMEN, THE",16.28019
10X368,IN-TECH ACADEMY (M.S. / HIGH SCHOOL 368),14.53869
31R002,I.S. R002 GEORGE L. EGBERT,14.50022
10X051,P.S. 051 BRONX NEW SCHOOL,16.02337
12X212,P.S. 212,13.17567
07X670,HEALTH OPPORTUNITIES HIGH SCHOOL,16.47779
28Q190,J.H.S. 190 RUSSELL SAGE,16.99437
08X048,P.S. 048 JOSEPH R. DRAKE,12.4103
16K021,P.S. 021 CRISPUS ATTUCKS,15.30219
32K556,BUSHWICK LEADERS HIGH SCHOOL FOR ACADEMIC EXCELLENCE,11.43275
19K065,P.S. 065,16.64778
02M343,THE PECK SLIP SCHOOL,12.37693
24Q143,P.S. 143 LOUIS ARMSTRONG,15.13666
14K023,P.S. 023 CARTER G. WOODSON,11.22242
05M148,EAGLE ACADEMY FOR YOUNG MEN OF HARLEM,13.57142
27Q210,J.H.S. 210 ELIZABETH BLACKWELL,17.14616
24Q061,I.S. 061 LEONARDO DA VINCI,13.53149
12X196,P.S. 196,14.517
02M489,HIGH SCHOOL OF ECONOMICS AND FINANCE,19.13907
19K364,I.S. 364 GATEWAY,13.6249
24Q005,I.S. 5 - THE WALTER CROWLEY INTERMEDIATE SCHOOL,16.68668
10X020,"PS/MS 20 P.O.GEORGE J. WERDANN, III",15.04041
18K068,I.S. 068 ISAAC BILDERSEE,10.24741
12X536,PS 536,14.79436
14K318,I.S. 318 EUGENIO MARIA DE HOSTOS,16.31161
05M367,ACADEMY FOR SOCIAL ACTION: A COLLEGE BOARD SCHOOL,11.27671
30Q151,P.S. 151 MARY D. CARTER,12.34305
24Q520,MIDDLE COLLEGE HIGH SCHOOL AT LAGUARDIA COMMUNITY COLLEGE,21.33333
16K688,THE BROOKLYN ACADEMY OF GLOBAL FINANCE,10.19694
02M040,P.S. 040 AUGUSTUS SAINT-GAUDENS,16.90727
23K323,P.S./I.S. 323,16.89991
17K002,PARKSIDE PREPARATORY ACADEMY,15.54293
26Q158,M.S. 158 MARIE CURIE,17.68003
02M308,LOWER MANHATTAN ARTS ACADEMY,13.37301
28Q086,P.S. Q086,15.77172
24Q585,MASPETH HIGH SCHOOL,15.82333
30Q069,P.S. 069 JACKSON HEIGHTS,18.19758
31R065,P.S. 65 THE ACADEMY OF INNOVATIVE LEARNING,14.54842
12X372,URBAN ASSEMBLY SCHOOL FOR WILDLIFE CONSERVATION,11.59139
21K177,P.S. 177 THE MARLBORO,15.87628
07X179,P.S. 179,12.43902
28Q620,THOMAS A. EDISON CAREER AND TECHNICAL EDUCATION HIGH SCHOOL,18.49498
10X279,"P.S. 279 CAPTAIN MANUEL RIVERA, JR.",14.86073
27Q183,P.S. 183 DR. RICHARD R. GREEN,12.98324
07X500,HOSTOS-LINCOLN ACADEMY OF SCIENCE,15.20588
10X319,PROVIDING URBAN LEARNERS SUCCESS IN EDUCATION HIGH SCHOOL,15.59601
20K682,THE ACADEMY OF TALENTED SCHOLARS,6.865513
18K581,EAST FLATBUSH COMMUNITY RESEARCH SCHOOL,10.51877
16K025,P.S. 025 EUBIE BLAKE SCHOOL,6.921498
03M166,P.S. 166 THE RICHARD RODGERS SCHOOL OF THE ARTS AND TECHNOLOGY,15.36121
23K298,P.S. 298 DR. BETTY SHABAZZ,11.23258
27Q060,P.S. 060 WOODHAVEN,15.80595
10X360,P.S. 360,13.96308
11X498,PS/MS 11X498 - VAN NEST ACADEMY,16.09488
07X277,P.S. 277,12.28143
06M319,M.S. 319 - MARIA TERESA,14.2771
25Q200,PS/MS 200 - THE POMONOK SCHOOL & STAR ACADEMY,14.14694
02M300,"URBAN ASSEMBLY SCHOOL OF DESIGN AND CONSTRUCTION, THE",14.93663
02M150,P.S. 150,17.85906
02M217,P.S./I.S. 217 ROOSEVELT ISLAND,17.07195
20K247,P.S. 247 BROOKLYN,13.86759
10X118,J.H.S. 118 WILLIAM W. NILES,13.81332
15K088,J.H.S. 088 PETER ROUGET,14.64086
10X237,"THE MARIE CURIE SCHOOL FOR MEDICINE, NURSING, AND HEALTH PROFESSIONS",13.98196
29Q176,P.S. 176 CAMBRIA HEIGHTS,19.07477
10X440,DEWITT CLINTON HIGH SCHOOL,13.56393
31R049,I.S. 49 BERTA A. DREYFUS,14.23344
14K380,P.S. 380 JOHN WAYNE ELEMENTARY,12.82907
31R057,P.S. 057 HUBERT H. HUMPHREY,15.0806
23K668,RIVERDALE AVENUE MIDDLE SCHOOL,10.32242
24Q113,P.S./I.S. 113 ANTHONY J. PRANZO,17.96528
13K093,P.S. 093 WILLIAM H. PRESCOTT,16.16052
11X468,PELHAM ACADEMY OF ACADEMICS AND COMMUNITY ENGAGEMENT,16.73505
19K190,P.S. 190 SHEFFIELD,11.08695
22K555,BROOKLYN COLLEGE ACADEMY,21.01344
10X382,"ELEMENTARY SCHOOL FOR MATH, SCIENCE, AND TECHNOLOGY",14.06717
09X035,P.S. 035 FRANZ SIEGEL,14.41385
13K430,BROOKLYN TECHNICAL HIGH SCHOOL,22.14429
01M184,P.S. 184M SHUANG WEN,15.126
15K447,THE MATH & SCIENCE EXPLORATORY SCHOOL,11.40468
14K449,"BROOKLYN LATIN SCHOOL, THE",14.71441
31R004,P.S. 004 MAURICE WOLLIN,9.503945
08X405,HERBERT H. LEHMAN HIGH SCHOOL,11.3611
17K354,THE SCHOOL OF INTEGRATED LEARNING,10.45554
14K474,PROGRESS HIGH SCHOOL FOR PROFESSIONAL CAREERS,15.38245
05M685,BREAD & ROSES INTEGRATED ARTS HIGH SCHOOL,8.0
15K124,P.S. 124 SILAS B. DUTCHER,13.57298
31R019,P.S. 019 THE CURTIS SCHOOL,17.16274
27Q090,P.S. 090 HORACE MANN,16.07133
21K329,P.S. 329 SURFSIDE,14.36447
03M485,FIORELLO H. LAGUARDIA HIGH SCHOOL OF MUSIC & ART AND PERFORMING ARTS,19.99557
02M630,ART AND DESIGN HIGH SCHOOL,15.36865
27Q260,FREDERICK DOUGLASS ACADEMY VI HIGH SCHOOL,15.56043
13K287,P.S. 287 BAILEY K. ASHFORD,13.40918
15K051,M.S. 51 WILLIAM ALEXANDER,17.83536
23K599,BROOKLYN LANDMARK ELEMENTARY SCHOOL,19.84458
31R054,P.S. 054 CHARLES W. LENG,15.6279
30Q501,FRANK SINATRA SCHOOL OF THE ARTS HIGH SCHOOL,16.97144
12X248,"METROPOLITAN HIGH SCHOOL, THE",12.14287
07X385,PERFORMANCE SCHOOL,7.398051
23K041,P.S. 041 FRANCIS WHITE,13.58662
15K423,BROOKLYN FRONTIERS HIGH SCHOOL,7.390104
22K222,P.S. 222 KATHERINE R. SNYDER,12.92105
14K018,P.S. 018 EDWARD BUSH,12.14285
25Q285,WORLD JOURNALISM PREPARATORY: A COLLEGE BOARD SCHOOL,15.70403
20K259,J.H.S. 259 WILLIAM MCKINLEY,19.4897
02M625,HIGH SCHOOL OF GRAPHIC COMMUNICATION ARTS,7.220493
19K678,EAST NEW YORK MIDDLE SCHOOL OF EXCELLENCE,12.43674
18K588,MIDDLE SCHOOL FOR ART AND PHILOSOPHY,17.66994
28Q117,P.S. 117 J. KELD / BRIARWOOD SCHOOL,16.68478
27Q318,WATERSIDE SCHOOL FOR LEADERSHIP,11.67921
25Q214,P.S. 214 CADWALLADER COLDEN,15.58676
12X314,FAIRMONT NEIGHBORHOOD SCHOOL,10.26888
02M059,P.S. 059 BEEKMAN HILL INTERNATIONAL,15.51374
17K489,W.E.B. DUBOIS ACADEMIC HIGH SCHOOL,15.71428
25Q209,P.S. 209 CLEARVIEW GARDENS,16.71597
10X246,P.S. 246 POE CENTER,13.10849
07X151,J.H.S. 151 LOU GEHRIG,11.16965
20K163,P.S. 163 BATH BEACH,14.60426
20K686,BROOKLYN SCHOOL OF INQUIRY,18.31353
02M529,JACQUELINE KENNEDY ONASSIS HIGH SCHOOL,15.79917
13K439,BROOKLYN INTERNATIONAL HIGH SCHOOL,16.09989
11X462,CORNERSTONE ACADEMY FOR SOCIAL ACTION MIDDLE SCHOOL (CASA),17.92869
19K660,W. H. MAXWELL CAREER AND TECHNICAL EDUCATION HIGH SCHOOL,11.04021
13K054,P.S. 054 SAMUEL C. BARNES,10.24164
05M469,CHOIR ACADEMY OF HARLEM,4.716576
28Q896,"YOUNG WOMEN'S LEADERSHIP SCHOOL, QUEENS",17.03978
10X342,INTERNATIONAL SCHOOL FOR LIBERAL ARTS,14.09454
05M692,"HIGH SCHOOL FOR MATHEMATICS, SCIENCE AND ENGINEERING AT CITY COLLEGE",15.85157
17K751,ACADEMY FOR HEALTH CAREERS,11.79096
27Q297,HAWTREE CREEK MIDDLE SCHOOL,12.31765
31R050,P.S. 050 FRANK HANKINSON,16.7164
17K722,NEW HEIGHTS MIDDLE SCHOOL,9.342047
09X263,VALIDUS PREPARATORY ACADEMY: AN EXPEDITIONARY LEARNING SCHOOL,15.40165
26Q216,J.H.S. 216 GEORGE J. RYAN,21.19303
22K405,MIDWOOD HIGH SCHOOL,23.7542
02M933,CITY KNOLL MIDDLE SCHOOL,11.21428
03M247,M.S. M247 DUAL LANGUAGE MIDDLE SCHOOL,11.29825
31R059,THE HARBOR VIEW SCHOOL,12.71496
13K674,"CITY POLYTECHNIC HIGH SCHOOL OF ENGINEERING, ARCHITECTURE, AND TECHNOLOGY",15.97818
13K305,P.S. 305 DR. PETER RAY,13.37425
11X418,BRONX HIGH SCHOOL FOR THE VISUAL ARTS,17.79642
27Q480,JOHN ADAMS HIGH SCHOOL,13.24609
02M615,CHELSEA CAREER AND TECHNICAL EDUCATION HIGH SCHOOL,13.2322
12X066,P.S. 066 SCHOOL OF HIGHER EXPECTATIONS,12.45508
19K158,P.S. 158 WARWICK,15.31526
02M394,EMMA LAZARUS HIGH SCHOOL,17.39479
12X388,PAN AMERICAN INTERNATIONAL HIGH SCHOOL AT MONROE,13.71408
11X169,BAYCHESTER ACADEMY,17.63214
31R060,P.S. 060 ALICE AUSTEN,15.42776
05M154,P.S. 154 HARRIET TUBMAN,14.90104
22K495,SHEEPSHEAD BAY HIGH SCHOOL,8.385628
24Q305,LEARNERS AND LEADERS,13.96376
17K568,BROWNSVILLE ACADEMY HIGH SCHOOL,11.51506
11X455,HARRY S TRUMAN HIGH SCHOOL,20.46298
02M414,N.Y.C. MUSEUM SCHOOL,16.83018
12X463,URBAN SCHOLARS COMMUNITY SCHOOL,13.75
21K281,I.S. 281 JOSEPH B CAVALLARO,18.79597
02M303,"FACING HISTORY SCHOOL, THE",12.05699
21K095,P.S. 095 THE GRAVESEND,14.60157
01M019,P.S. 019 ASHER LEVY,6.971557
25Q163,P.S. 163 FLUSHING HEIGHTS,16.20139
03M333,P.S. 333 MANHATTAN SCHOOL FOR CHILDREN,14.88803
02M427,MANHATTAN ACADEMY FOR ARTS & LANGUAGE,12.10013
01M839,TOMPKINS SQUARE MIDDLE SCHOOL,13.32057
18K576,VICTORY COLLEGIATE HIGH SCHOOL,14.08695
21K097,P.S. 97 THE HIGHLAWN,13.68231
25Q022,P.S. 022 THOMAS JEFFERSON,14.18107
05M499,FREDERICK DOUGLASS ACADEMY,16.19489
30Q152,P.S. 152 GWENDOLINE N. ALLEYNE SCHOOL,16.2021
02M600,THE HIGH SCHOOL OF FASHION INDUSTRIES,17.91248
31R062,P.S. 62,11.17647
15K676,RED HOOK NEIGHBORHOOD SCHOOL,13.66678
22K052,P.S. 052 SHEEPSHEAD BAY,16.85158
32K403,ACADEMY FOR ENVIRONMENTAL LEADERSHIP,10.6351
14K586,LYONS COMMUNITY SCHOOL,11.44678
21K216,P.S. 216 ARTURO TOSCANINI,18.06974
03M180,P.S. 180 HUGO NEWMAN,12.97436
17K397,P.S. 397 FOSTER-LAURIE,11.757
06M211,INWOOD EARLY COLLEGE FOR HEALTH AND INFORMATION TECHNOLOGIES,11.93025
08X293,RENAISSANCE HIGH SCHOOL FOR MUSICAL THEATER & TECHNOLOGY,16.40176
31R078,PS 78,13.44592
04M155,P.S. 155 WILLIAM PACA,11.74925
15K821,SUNSET PARK PREP,13.25822
16K594,GOTHAM PROFESSIONAL ARTS ACADEMY,11.80737
14K017,P.S. 017 HENRY D. WOODWORTH,11.0425
20K971,"SCHOOL OF MATH, SCIENCE, AND HEALTHY LIVING",11.85546
31R009,NAPLES STREET ELEMENTARY SCHOOL,11.07671
10X374,KNOWLEDGE AND POWER PREPARATORY ACADEMY INTERNATIONAL HIGH SCHOOL (KAPPA),12.23613
28Q680,QUEENS GATEWAY TO HEALTH SCIENCES SECONDARY SCHOOL,18.87043
14K120,P.S. 120 CARLOS TAPIA,14.86956
12X006,P.S. 006 WEST FARMS,13.54035
11X144,J.H.S. 144 MICHELANGELO,16.85762
15K443,NEW VOICES SCHOOL OF ACADEMIC & CREATIVE ARTS,15.45714
28Q354,PS 354,14.99091
05M514,NEW DESIGN MIDDLE SCHOOL,9.683634
27Q123,P.S. 123,15.96031
28Q099,P.S. 099 KEW GARDENS,14.89638
17K745,BROOKLYN INSTITUTE FOR LIBERAL ARTS,14.04675
03M163,P.S. 163 ALFRED E. SMITH,15.11822
12X044,P.S. 044 DAVID C. FARRAGUT,10.78422
31R605,STATEN ISLAND TECHNICAL HIGH SCHOOL,21.07305
27Q317,WATERSIDE CHILDREN'S STUDIO SCHOOL,14.43929
26Q172,IRWIN ALTMAN MIDDLE SCHOOL 172,17.79954
28Q175,P.S. 175 THE LYNN GROSS DISCOVERY SCHOOL,20.2407
14K561,WILLIAMSBURG PREPARATORY SCHOOL,17.23468
18K589,ARTS & MEDIA PREPARATORY ACADEMY,12.83539
10X353,WORLD VIEW HIGH SCHOOL,10.80356
02M212,P.S. 212 MIDTOWN WEST,18.20608
04M409,COALITION SCHOOL FOR SOCIAL CHANGE,12.22749
29Q109,JEAN NUZZI INTERMEDIATE SCHOOL,17.17388
24Q229,P.S. 229 EMANUEL KAPLAN,17.9424
20K048,P.S. 048 MAPLETON,15.52945
12X691,BRONX LITTLE SCHOOL,12.04752
10X056,P.S. 056 NORWOOD HEIGHTS,16.96247
08X371,URBAN INSTITUTE OF MATHEMATICS,14.91437
17K548,BROOKLYN SCHOOL FOR MUSIC & THEATRE,14.04221
06M018,P.S. 018 PARK TERRACE,13.50231
03M415,WADLEIGH SECONDARY SCHOOL FOR THE PERFORMING & VISUAL ARTS,10.11481
29Q265,EXCELSIOR PREPARATORY HIGH SCHOOL,17.22523
02M282,URBAN ASSEMBLY MAKER ACADEMY,13.0
02M042,P.S. 042 BENJAMIN ALTMAN,14.50508
09X414,JONATHAN LEVIN HIGH SCHOOL FOR MEDIA AND COMMUNICATIONS,7.1
28Q440,FOREST HILLS HIGH SCHOOL,20.96311
17K012,DR. JACQUELINE PEEK-DAVIS SCHOOL,16.33184
19K683,"THE SCHOOL FOR CLASSICS: AN ACADEMY OF THINKERS, WRITERS AND PEFORMERS",15.56834
26Q435,MARTIN VAN BUREN HIGH SCHOOL,17.14576
04M377,RENAISSANCE SCHOOL OF THE ARTS,9.875
27Q064,P.S. 064 JOSEPH P. ADDABBO,15.87804
15K032,P.S. 032 SAMUEL MILLS SPROLE,8.511029
11X326,BRONX GREEN MIDDLE SCHOOL,13.21256
02M412,N.Y.C. LAB SCHOOL FOR COLLABORATIVE STUDIES,13.83264
24Q296,PAN AMERICAN INTERNATIONAL HIGH SCHOOL,12.09677
14K577,CONSELYEA PREPARATORY SCHOOL,16.43147
17K091,P.S. 091 THE ALBANY AVENUE SCHOOL,12.96649
23K073,P.S. 073 THOMAS S. BOYLAND,5.67172
28Q157,J.H.S. 157 STEPHEN A. HALSEY,19.9663
29Q492,"MATHEMATICS, SCIENCE RESEARCH AND TECHNOLOGY MAGNET HIGH SCHOOL",18.57403
14K478,"THE HIGH SCHOOL FOR ENTERPRISE, BUSINESS AND TECHNOLOGY",15.59602
30Q450,LONG ISLAND CITY HIGH SCHOOL,15.51248
02M425,LEADERSHIP AND PUBLIC SERVICE HIGH SCHOOL,15.14285
03M479,BEACON HIGH SCHOOL,21.73934
17K531,"SCHOOL FOR HUMAN RIGHTS, THE",15.68
23K644,EAGLE ACADEMY FOR YOUNG MEN II,15.94444
27Q333,GOLDIE MAPLE ACADEMY,14.12667
15K039,P.S. 039 HENRY BRISTOW,15.21931
23K284,P.S. 284 LEW WALLACE,13.55962
20K205,P.S. 205 CLARION,16.3928
11X556,BRONX PARK MIDDLE SCHOOL,10.92297
15K172,P.S. 172 BEACON SCHOOL OF EXCELLENCE,12.19452
11X514,THE BRONXWOOD PREPARATORY ACADEMY,15.82557
28Q328,HIGH SCHOOL FOR COMMUNITY LEADERSHIP,13.24697
12X267,BRONX LATIN,11.64187
13K270,P.S. 270 JOHANN DEKALB,13.11372
21K096,I.S. 096 SETH LOW,12.16572
16K243,P.S. 243K- THE WEEKSVILLE SCHOOL,10.38329
11X249,BRONX HEALTH SCIENCES HIGH SCHOOL,19.44715
07X162,J.H.S. 162 LOLA RODRIGUEZ DE TIO,10.78662
19K639,BROOKLYN LAB SCHOOL,14.30401
14K414,BROOKLYN ARBOR ELEMENTARY SCHOOL,14.60583
11X076,P.S. 076 THE BENNINGTON SCHOOL,15.23698
17K246,M.S. 246 WALT WHITMAN,11.93738
22K197,P.S. 197 - THE KINGS HIGHWAY ACADEMY,13.4309
28Q338,QUEENS SATELLITE HIGH SCHOOL FOR OPPORTUNITY,13.5
10X206,I.S. 206 ANN MERSEREAU,12.45019
24Q073,I.S. 73 - THE FRANK SANSIVIERI INTERMEDIATE SCHOOL,15.90277
06M366,WASHINGTON HEIGHTS ACADEMY,18.36705
17K189,P.S. 189 THE BILINGUAL CENTER,14.84564
27Q306,NEW YORK CITY ACADEMY FOR DISCOVERY,13.33783
06M189,P.S. 189,15.65057
29Q355,COLLABORATIVE ARTS MIDDLE SCHOOL,13.86817
27Q047,P.S. 047 CHRIS GALAS,10.63637
05M175,P.S. 175 HENRY H GARNET,15.28268
10X080,J.H.S. 080 THE MOSHOLU PARKWAY,12.17474
16K669,RESEARCH AND SERVICE HIGH SCHOOL,17.344
28Q505,HILLCREST HIGH SCHOOL,19.41592
21K226,P.S. 226 ALFRED DE B.MASON,13.46303
13K046,P.S. 046 EDWARD C. BLUM,10.85365
18K115,P.S. 115 DANIEL MUCATEL SCHOOL,16.5202
23K671,MOTT HALL BRIDGES ACADEMY,11.5121
10X280,P.S./M.S. 280 MOSHOLU PARKWAY,14.36688
11X529,ONE WORLD MIDDLE SCHOOL AT EDENWALD,9.375482
08X072,P.S. 072 DR. WILLIAM DORNEY,16.03252
30Q291,HUNTERS POINT COMMUNITY MIDDLE SCHOOL,11.38663
02M151,YORKVILLE COMMUNITY SCHOOL,13.78142
17K316,P.S. 316 ELIJAH STROUD,10.57641
32K045,P.S./I.S. 045 HORACE E. GREENE,14.94105
20K104,P.S./I.S. 104 THE FORT HAMILTON SCHOOL,17.84612
02M177,YORKVILLE EAST MIDDLE SCHOOL,12.20779
31R075,I.S. 075 FRANK D. PAULO,14.43105
24Q330,P.S. 330,13.63679
10X023,P.S. 023 THE NEW CHILDREN'S SCHOOL,12.34249
15K136,I.S. 136 CHARLES O. DEWEY,10.22919
10X226,P.S. 226,15.61262
13K266,M.S. K266 - PARK PLACE COMMUNITY MIDDLE SCHOOL,12.36374
28Q206,P.S. 206 THE HORACE HARDING SCHOOL,14.2612
02M281,THE RIVER SCHOOL,11.35922
25Q107,P.S. 107 THOMAS A DOOLEY,16.29881
02M124,P.S. 124 YUNG WING,15.3848
06M192,P.S. 192 JACOB H. SCHIFF,12.34693
23K150,P.S. 150 CHRISTOPHER,13.80977
09X327,COMPREHENSIVE MODEL SCHOOL PROJECT M.S. 327,15.2985
08X561,BRONX COMPASS HIGH SCHOOL,11.40569
14K034,P.S. 034 OLIVER H. PERRY,15.82418
09X365,ACADEMY FOR LANGUAGE AND TECHNOLOGY,13.49998
02M437,HUDSON HIGH SCHOOL OF LEARNING TECHNOLOGIES,14.26015
18K276,P.S. 276 LOUIS MARSHALL,15.98766
08X140,P.S. X140 THE EAGLE SCHOOL,15.04488
08X392,BRONX DELTA SCHOOL,13.06722
11X270,ACADEMY FOR SCHOLARSHIP AND ENTREPRENEURSHIP: A COLLEGE BOARD SCHOOL,16.21624
22K078,J.H.S. 078 ROY H. MANN,14.64102
22K361,P.S. 361 EAST FLATBUSH EARLY CHILDHOOD SCHOOL,14.39568
02M267,"EAST SIDE ELEMENTARY SCHOOL, PS 267",14.11429
31R008,P.S. 8 SHIRLEE SOLOMON,16.24599
11X089,P.S. 089 BRONX,16.66418
25Q242,P.S. 242 LEONARD P. STAVISKY EARLY CHILDHOOD SCHOOL,11.74855
25Q499,"THE QUEENS COLLEGE SCHOOL FOR MATH, SCIENCE AND TECHNOLOGY",18.73704
13K008,P.S. 008 ROBERT FULTON,14.78571
02M896,LOWER MANHATTAN COMMUNITY MIDDLE SCHOOL,13.64275
29Q034,P.S. 034 JOHN HARVARD,18.17547
08X301,M.S. 301 PAUL L. DUNBAR,11.3125
27Q097,P.S. 097 FOREST PARK,15.93865
16K267,"M.S. 267 MATH, SCIENCE & TECHNOLOGY",10.06659
29Q313,BENJAMIN FRANKLIN HIGH SCHOOL FOR FINANCE & INFORMATION TECHNOLOGY,11.07467
03M009,P.S. 009 SARAH ANDERSON,14.51307
32K168,THE BROOKLYN SCHOOL FOR MATH AND RESEARCH,13.63157
27Q232,P.S. 232 LINDENWOOD,16.53109
28Q140,P.S. 140 EDWARD K ELLINGTON,17.11554
13K351,THE URBAN ASSEMBLY UNISON SCHOOL,10.01843
30Q329,EAST ELMHURST COMMUNITY SCHOOL,17.61538
31R046,P.S. 046 ALBERT V. MANISCALCO,11.83156
10X254,I.S. 254,14.00124
02M158,P.S. 158 BAYARD TAYLOR,15.82753
11X355,BRONX ALLIANCE MIDDLE SCHOOL,11.54018
10X438,FORDHAM LEADERSHIP ACADEMY FOR BUSINESS AND TECHNOLOGY,13.9652
22K195,P.S. 195 MANHATTAN BEACH,18.72322
02M296,HIGH SCHOOL OF HOSPITALITY MANAGEMENT,14.65384
22K240,ANDRIES HUDDE,16.0098
22K234,J.H.S. 234 ARTHUR W. CUNNINGHAM,19.25206
03M299,"HIGH SCHOOL FOR ARTS, IMAGINATION AND INQUIRY",14.30069
07X522,BRONX DESIGN AND CONSTRUCTION ACADEMY,13.1393
24Q307,PIONEER ACADEMY,13.30038
10X291,P.S. 291,15.21012
10X015,P.S. X015 INSTITUTE FOR ENVIRONMENTAL LEARNING,17.04804
13K307,P.S. 307 DANIEL HALE WILLIAMS,7.837062
18K642,URBAN ACTION ACADEMY,12.96577
18K578,BROOKLYN BRIDGE ACADEMY,16.183
22K425,JAMES MADISON HIGH SCHOOL,20.574
02M399,THE HIGH SCHOOL FOR LANGUAGE AND DIPLOMACY,14.5
10X085,P.S. 085 GREAT EXPECTATIONS,12.20052
02M449,VANGUARD HIGH SCHOOL,13.88519
01M332,UNIVERSITY NEIGHBORHOOD MIDDLE SCHOOL,9.528298
14K196,P.S. 196 TEN EYCK,12.57839
02M432,MURRAY HILL ACADEMY,11.25933
07X005,PS 5 PORT MORRIS,14.47828
26Q186,P.S. 186 CASTLEWOOD,6.728861
10X396,P.S. 396,5.96692
27Q066,P.S. 066 JACQUELINE KENNEDY ONASSIS,14.85563
13K133,P.S. 133 WILLIAM A. BUTLER,16.75
03M199,P.S. 199 JESSIE ISADOR STRAUS,19.71228
29Q259,PATHWAYS COLLEGE PREPARATORY SCHOOL: A COLLEGE BOARD SCHOOL,18.06771
31R039,P.S. 39 FRANCIS J. MURPHY JR.,16.86144
30Q145,I.S. 145 JOSEPH PULITZER,14.25555
07X359,CONCOURSE VILLAGE ELEMENTARY SCHOOL,9.816176
15K038,P.S. 038 THE PACIFIC,13.74173
15K529,WEST BROOKLYN COMMUNITY HIGH SCHOOL,12.93222
10X351,BRONX COLLABORATIVE HIGH SCHOOL,13.21264
25Q189,J.H.S. 189 DANIEL CARTER BEARD,17.66118
29Q327,EAGLE ACADEMY FOR YOUNG MEN III,13.00163
22K198,P.S. 198 BROOKLYN,12.92133
13K483,THE URBAN ASSEMBLY SCHOOL FOR LAW AND JUSTICE,14.77883
08X467,MOTT HALL COMMUNITY SCHOOL,14.28393
13K691,FORT GREENE PREPARATORY ACADEMY,11.03633
31R005,P.S. 005 HUGUENOT,12.30195
23K522,MOTT HALL IV,13.55932
08X366,URBAN ASSEMBLY ACADEMY OF CIVIC ENGAGEMENT,9.490632
17K546,HIGH SCHOOL FOR PUBLIC SERVICE: HEROES OF TOMORROW,17.68132
32K299,P.S. 299 THOMAS WARREN FIELD,12.12025
07X600,ALFRED E. SMITH CAREER AND TECHNICAL EDUCATION HIGH SCHOOL,10.42433
16K628,BROOKLYN BROWNSTONE SCHOOL,16.20689
24Q102,P.S. 102 BAYVIEW,15.18127
11X175,P.S. 175 CITY ISLAND,12.90194
25Q165,P.S. 165 EDITH K. BERGTRAUM,9.27281
11X357,YOUNG VOICES ACADEMY OF THE BRONX,13.63013
02M534,HARVEST COLLEGIATE HIGH SCHOOL,12.6467
06M004,P.S. 004 DUKE ELLINGTON,13.75649
11X265,BRONX LAB SCHOOL,12.57373
29Q131,P.S. 131 ABIGAIL ADAMS,17.84499
18K763,BROOKLYN SCIENCE AND ENGINEERING ACADEMY,11.25
31R080,THE MICHAEL J. PETRIDES SCHOOL,17.8467
03M208,P.S. 208 ALAIN L. LOCKE,10.62151
29Q289,QUEENS UNITED MIDDLE SCHOOL,14.67532
15K684,MILLENNIUM BROOKLYN HS,10.0
19K510,WORLD ACADEMY FOR TOTAL COMMUNITY HEALTH HIGH SCHOOL,13.19586
26Q026,P.S. 026 RUFUS KING,16.99256
10X037,P.S. X037 - MULTIPLE INTELLIGENCE SCHOOL,14.90905
02M544,INDEPENDENCE HIGH SCHOOL,17.66644
07X030,P.S. 030 WILTON,14.43256
27Q043,P.S. 043,15.38562
08X452,BRONX GUILD,13.60869
02M374,GRAMERCY ARTS HIGH SCHOOL,14.75614
12X092,P.S. 092 BRONX,12.34016
18K569,KURT HAHN EXPEDITIONARY LEARNING SCHOOL,13.76017
27Q045,P.S. 045 CLARENCE WITHERSPOON,15.10123
24Q530,INTERNATIONAL HIGH SCHOOL AT LAGUARDIA COMMUNITY COLLEGE,17.26666
19K760,HIGHLAND PARK COMMUNITY SCHOOL,15.87212
10X046,P.S. 046 EDGAR ALLAN POE,13.39061
19K171,I.S. 171 ABRAHAM LINCOLN,14.53389
10X546,BRONX THEATRE HIGH SCHOOL,13.07407
10X437,FORDHAM HIGH SCHOOL FOR THE ARTS,12.13434
27Q262,CHANNEL VIEW SCHOOL FOR RESEARCH,13.81657
30Q078,P.S./I.S. 78Q,15.33599
21K620,WILLIAM E. GRADY CAREER AND TECHNICAL EDUCATION HIGH SCHOOL,15.91473
10X442,"CELIA CRUZ BRONX HIGH SCHOOL OF MUSIC, THE",16.8
